uid,domain,file_path,var_name,fs_out,BPFO_main_e,BPFO_sb_fr_e,BPFI_main_e,BPFI_sb_fr_e,BSF_main_e,BSF_sb_fr_e,FTF_main_e,BPFI_sbfr_ratio,BPFO_sbfr_ratio,BSF_sbftf_ratio,label,sensor,load_hp,rpm,BPFO,BPFI,BSF,FTF,fr_hz,fault_size_in,bearing_type
A:A:00000,target,/Users/hanibote/Desktop/Modeling/数据集/目标域数据集/A.mat,A,32000,,,,,,,,,,,,,,600,,,,,,,
A:A:00001,target,/Users/hanibote/Desktop/Modeling/数据集/目标域数据集/A.mat,A,32000,,,,,,,,,,,,,,600,,,,,,,
A:A:00002,target,/Users/hanibote/Desktop/Modeling/数据集/目标域数据集/A.mat,A,32000,,,,,,,,,,,,,,600,,,,,,,
A:A:00003,target,/Users/hanibote/Desktop/Modeling/数据集/目标域数据集/A.mat,A,32000,,,,,,,,,,,,,,600,,,,,,,
A:A:00004,target,/Users/hanibote/Desktop/Modeling/数据集/目标域数据集/A.mat,A,32000,,,,,,,,,,,,,,600,,,,,,,
A:A:00005,target,/Users/hanibote/Desktop/Modeling/数据集/目标域数据集/A.mat,A,32000,,,,,,,,,,,,,,600,,,,,,,
A:A:00006,target,/Users/hanibote/Desktop/Modeling/数据集/目标域数据集/A.mat,A,32000,,,,,,,,,,,,,,600,,,,,,,
A:A:00007,target,/Users/hanibote/Desktop/Modeling/数据集/目标域数据集/A.mat,A,32000,,,,,,,,,,,,,,600,,,,,,,
A:A:00008,target,/Users/hanibote/Desktop/Modeling/数据集/目标域数据集/A.mat,A,32000,,,,,,,,,,,,,,600,,,,,,,
A:A:00009,target,/Users/hanibote/Desktop/Modeling/数据集/目标域数据集/A.mat,A,32000,,,,,,,,,,,,,,600,,,,,,,
A:A:00010,target,/Users/hanibote/Desktop/Modeling/数据集/目标域数据集/A.mat,A,32000,,,,,,,,,,,,,,600,,,,,,,
A:A:00011,target,/Users/hanibote/Desktop/Modeling/数据集/目标域数据集/A.mat,A,32000,,,,,,,,,,,,,,600,,,,,,,
A:A:00012,target,/Users/hanibote/Desktop/Modeling/数据集/目标域数据集/A.mat,A,32000,,,,,,,,,,,,,,600,,,,,,,
A:A:00013,target,/Users/hanibote/Desktop/Modeling/数据集/目标域数据集/A.mat,A,32000,,,,,,,,,,,,,,600,,,,,,,
A:A:00014,target,/Users/hanibote/Desktop/Modeling/数据集/目标域数据集/A.mat,A,32000,,,,,,,,,,,,,,600,,,,,,,
A:A:00015,target,/Users/hanibote/Desktop/Modeling/数据集/目标域数据集/A.mat,A,32000,,,,,,,,,,,,,,600,,,,,,,
A:A:00016,target,/Users/hanibote/Desktop/Modeling/数据集/目标域数据集/A.mat,A,32000,,,,,,,,,,,,,,600,,,,,,,
A:A:00017,target,/Users/hanibote/Desktop/Modeling/数据集/目标域数据集/A.mat,A,32000,,,,,,,,,,,,,,600,,,,,,,
A:A:00018,target,/Users/hanibote/Desktop/Modeling/数据集/目标域数据集/A.mat,A,32000,,,,,,,,,,,,,,600,,,,,,,
A:A:00019,target,/Users/hanibote/Desktop/Modeling/数据集/目标域数据集/A.mat,A,32000,,,,,,,,,,,,,,600,,,,,,,
A:A:00020,target,/Users/hanibote/Desktop/Modeling/数据集/目标域数据集/A.mat,A,32000,,,,,,,,,,,,,,600,,,,,,,
A:A:00021,target,/Users/hanibote/Desktop/Modeling/数据集/目标域数据集/A.mat,A,32000,,,,,,,,,,,,,,600,,,,,,,
A:A:00022,target,/Users/hanibote/Desktop/Modeling/数据集/目标域数据集/A.mat,A,32000,,,,,,,,,,,,,,600,,,,,,,
A:A:00023,target,/Users/hanibote/Desktop/Modeling/数据集/目标域数据集/A.mat,A,32000,,,,,,,,,,,,,,600,,,,,,,
A:A:00024,target,/Users/hanibote/Desktop/Modeling/数据集/目标域数据集/A.mat,A,32000,,,,,,,,,,,,,,600,,,,,,,
A:A:00025,target,/Users/hanibote/Desktop/Modeling/数据集/目标域数据集/A.mat,A,32000,,,,,,,,,,,,,,600,,,,,,,
A:A:00026,target,/Users/hanibote/Desktop/Modeling/数据集/目标域数据集/A.mat,A,32000,,,,,,,,,,,,,,600,,,,,,,
A:A:00027,target,/Users/hanibote/Desktop/Modeling/数据集/目标域数据集/A.mat,A,32000,,,,,,,,,,,,,,600,,,,,,,
A:A:00028,target,/Users/hanibote/Desktop/Modeling/数据集/目标域数据集/A.mat,A,32000,,,,,,,,,,,,,,600,,,,,,,
A:A:00029,target,/Users/hanibote/Desktop/Modeling/数据集/目标域数据集/A.mat,A,32000,,,,,,,,,,,,,,600,,,,,,,
A:A:00030,target,/Users/hanibote/Desktop/Modeling/数据集/目标域数据集/A.mat,A,32000,,,,,,,,,,,,,,600,,,,,,,
B:B:00000,target,/Users/hanibote/Desktop/Modeling/数据集/目标域数据集/B.mat,B,32000,,,,,,,,,,,,,,600,,,,,,,
B:B:00001,target,/Users/hanibote/Desktop/Modeling/数据集/目标域数据集/B.mat,B,32000,,,,,,,,,,,,,,600,,,,,,,
B:B:00002,target,/Users/hanibote/Desktop/Modeling/数据集/目标域数据集/B.mat,B,32000,,,,,,,,,,,,,,600,,,,,,,
B:B:00003,target,/Users/hanibote/Desktop/Modeling/数据集/目标域数据集/B.mat,B,32000,,,,,,,,,,,,,,600,,,,,,,
B:B:00004,target,/Users/hanibote/Desktop/Modeling/数据集/目标域数据集/B.mat,B,32000,,,,,,,,,,,,,,600,,,,,,,
B:B:00005,target,/Users/hanibote/Desktop/Modeling/数据集/目标域数据集/B.mat,B,32000,,,,,,,,,,,,,,600,,,,,,,
B:B:00006,target,/Users/hanibote/Desktop/Modeling/数据集/目标域数据集/B.mat,B,32000,,,,,,,,,,,,,,600,,,,,,,
B:B:00007,target,/Users/hanibote/Desktop/Modeling/数据集/目标域数据集/B.mat,B,32000,,,,,,,,,,,,,,600,,,,,,,
B:B:00008,target,/Users/hanibote/Desktop/Modeling/数据集/目标域数据集/B.mat,B,32000,,,,,,,,,,,,,,600,,,,,,,
B:B:00009,target,/Users/hanibote/Desktop/Modeling/数据集/目标域数据集/B.mat,B,32000,,,,,,,,,,,,,,600,,,,,,,
B:B:00010,target,/Users/hanibote/Desktop/Modeling/数据集/目标域数据集/B.mat,B,32000,,,,,,,,,,,,,,600,,,,,,,
B:B:00011,target,/Users/hanibote/Desktop/Modeling/数据集/目标域数据集/B.mat,B,32000,,,,,,,,,,,,,,600,,,,,,,
B:B:00012,target,/Users/hanibote/Desktop/Modeling/数据集/目标域数据集/B.mat,B,32000,,,,,,,,,,,,,,600,,,,,,,
B:B:00013,target,/Users/hanibote/Desktop/Modeling/数据集/目标域数据集/B.mat,B,32000,,,,,,,,,,,,,,600,,,,,,,
B:B:00014,target,/Users/hanibote/Desktop/Modeling/数据集/目标域数据集/B.mat,B,32000,,,,,,,,,,,,,,600,,,,,,,
B:B:00015,target,/Users/hanibote/Desktop/Modeling/数据集/目标域数据集/B.mat,B,32000,,,,,,,,,,,,,,600,,,,,,,
B:B:00016,target,/Users/hanibote/Desktop/Modeling/数据集/目标域数据集/B.mat,B,32000,,,,,,,,,,,,,,600,,,,,,,
B:B:00017,target,/Users/hanibote/Desktop/Modeling/数据集/目标域数据集/B.mat,B,32000,,,,,,,,,,,,,,600,,,,,,,
B:B:00018,target,/Users/hanibote/Desktop/Modeling/数据集/目标域数据集/B.mat,B,32000,,,,,,,,,,,,,,600,,,,,,,
B:B:00019,target,/Users/hanibote/Desktop/Modeling/数据集/目标域数据集/B.mat,B,32000,,,,,,,,,,,,,,600,,,,,,,
B:B:00020,target,/Users/hanibote/Desktop/Modeling/数据集/目标域数据集/B.mat,B,32000,,,,,,,,,,,,,,600,,,,,,,
B:B:00021,target,/Users/hanibote/Desktop/Modeling/数据集/目标域数据集/B.mat,B,32000,,,,,,,,,,,,,,600,,,,,,,
B:B:00022,target,/Users/hanibote/Desktop/Modeling/数据集/目标域数据集/B.mat,B,32000,,,,,,,,,,,,,,600,,,,,,,
B:B:00023,target,/Users/hanibote/Desktop/Modeling/数据集/目标域数据集/B.mat,B,32000,,,,,,,,,,,,,,600,,,,,,,
B:B:00024,target,/Users/hanibote/Desktop/Modeling/数据集/目标域数据集/B.mat,B,32000,,,,,,,,,,,,,,600,,,,,,,
B:B:00025,target,/Users/hanibote/Desktop/Modeling/数据集/目标域数据集/B.mat,B,32000,,,,,,,,,,,,,,600,,,,,,,
B:B:00026,target,/Users/hanibote/Desktop/Modeling/数据集/目标域数据集/B.mat,B,32000,,,,,,,,,,,,,,600,,,,,,,
B:B:00027,target,/Users/hanibote/Desktop/Modeling/数据集/目标域数据集/B.mat,B,32000,,,,,,,,,,,,,,600,,,,,,,
B:B:00028,target,/Users/hanibote/Desktop/Modeling/数据集/目标域数据集/B.mat,B,32000,,,,,,,,,,,,,,600,,,,,,,
B:B:00029,target,/Users/hanibote/Desktop/Modeling/数据集/目标域数据集/B.mat,B,32000,,,,,,,,,,,,,,600,,,,,,,
B:B:00030,target,/Users/hanibote/Desktop/Modeling/数据集/目标域数据集/B.mat,B,32000,,,,,,,,,,,,,,600,,,,,,,
C:C:00000,target,/Users/hanibote/Desktop/Modeling/数据集/目标域数据集/C.mat,C,32000,,,,,,,,,,,,,,600,,,,,,,
C:C:00001,target,/Users/hanibote/Desktop/Modeling/数据集/目标域数据集/C.mat,C,32000,,,,,,,,,,,,,,600,,,,,,,
C:C:00002,target,/Users/hanibote/Desktop/Modeling/数据集/目标域数据集/C.mat,C,32000,,,,,,,,,,,,,,600,,,,,,,
C:C:00003,target,/Users/hanibote/Desktop/Modeling/数据集/目标域数据集/C.mat,C,32000,,,,,,,,,,,,,,600,,,,,,,
C:C:00004,target,/Users/hanibote/Desktop/Modeling/数据集/目标域数据集/C.mat,C,32000,,,,,,,,,,,,,,600,,,,,,,
C:C:00005,target,/Users/hanibote/Desktop/Modeling/数据集/目标域数据集/C.mat,C,32000,,,,,,,,,,,,,,600,,,,,,,
C:C:00006,target,/Users/hanibote/Desktop/Modeling/数据集/目标域数据集/C.mat,C,32000,,,,,,,,,,,,,,600,,,,,,,
C:C:00007,target,/Users/hanibote/Desktop/Modeling/数据集/目标域数据集/C.mat,C,32000,,,,,,,,,,,,,,600,,,,,,,
C:C:00008,target,/Users/hanibote/Desktop/Modeling/数据集/目标域数据集/C.mat,C,32000,,,,,,,,,,,,,,600,,,,,,,
C:C:00009,target,/Users/hanibote/Desktop/Modeling/数据集/目标域数据集/C.mat,C,32000,,,,,,,,,,,,,,600,,,,,,,
C:C:00010,target,/Users/hanibote/Desktop/Modeling/数据集/目标域数据集/C.mat,C,32000,,,,,,,,,,,,,,600,,,,,,,
C:C:00011,target,/Users/hanibote/Desktop/Modeling/数据集/目标域数据集/C.mat,C,32000,,,,,,,,,,,,,,600,,,,,,,
C:C:00012,target,/Users/hanibote/Desktop/Modeling/数据集/目标域数据集/C.mat,C,32000,,,,,,,,,,,,,,600,,,,,,,
C:C:00013,target,/Users/hanibote/Desktop/Modeling/数据集/目标域数据集/C.mat,C,32000,,,,,,,,,,,,,,600,,,,,,,
C:C:00014,target,/Users/hanibote/Desktop/Modeling/数据集/目标域数据集/C.mat,C,32000,,,,,,,,,,,,,,600,,,,,,,
C:C:00015,target,/Users/hanibote/Desktop/Modeling/数据集/目标域数据集/C.mat,C,32000,,,,,,,,,,,,,,600,,,,,,,
C:C:00016,target,/Users/hanibote/Desktop/Modeling/数据集/目标域数据集/C.mat,C,32000,,,,,,,,,,,,,,600,,,,,,,
C:C:00017,target,/Users/hanibote/Desktop/Modeling/数据集/目标域数据集/C.mat,C,32000,,,,,,,,,,,,,,600,,,,,,,
C:C:00018,target,/Users/hanibote/Desktop/Modeling/数据集/目标域数据集/C.mat,C,32000,,,,,,,,,,,,,,600,,,,,,,
C:C:00019,target,/Users/hanibote/Desktop/Modeling/数据集/目标域数据集/C.mat,C,32000,,,,,,,,,,,,,,600,,,,,,,
C:C:00020,target,/Users/hanibote/Desktop/Modeling/数据集/目标域数据集/C.mat,C,32000,,,,,,,,,,,,,,600,,,,,,,
C:C:00021,target,/Users/hanibote/Desktop/Modeling/数据集/目标域数据集/C.mat,C,32000,,,,,,,,,,,,,,600,,,,,,,
C:C:00022,target,/Users/hanibote/Desktop/Modeling/数据集/目标域数据集/C.mat,C,32000,,,,,,,,,,,,,,600,,,,,,,
C:C:00023,target,/Users/hanibote/Desktop/Modeling/数据集/目标域数据集/C.mat,C,32000,,,,,,,,,,,,,,600,,,,,,,
C:C:00024,target,/Users/hanibote/Desktop/Modeling/数据集/目标域数据集/C.mat,C,32000,,,,,,,,,,,,,,600,,,,,,,
C:C:00025,target,/Users/hanibote/Desktop/Modeling/数据集/目标域数据集/C.mat,C,32000,,,,,,,,,,,,,,600,,,,,,,
C:C:00026,target,/Users/hanibote/Desktop/Modeling/数据集/目标域数据集/C.mat,C,32000,,,,,,,,,,,,,,600,,,,,,,
C:C:00027,target,/Users/hanibote/Desktop/Modeling/数据集/目标域数据集/C.mat,C,32000,,,,,,,,,,,,,,600,,,,,,,
C:C:00028,target,/Users/hanibote/Desktop/Modeling/数据集/目标域数据集/C.mat,C,32000,,,,,,,,,,,,,,600,,,,,,,
C:C:00029,target,/Users/hanibote/Desktop/Modeling/数据集/目标域数据集/C.mat,C,32000,,,,,,,,,,,,,,600,,,,,,,
C:C:00030,target,/Users/hanibote/Desktop/Modeling/数据集/目标域数据集/C.mat,C,32000,,,,,,,,,,,,,,600,,,,,,,
D:D:00000,target,/Users/hanibote/Desktop/Modeling/数据集/目标域数据集/D.mat,D,32000,,,,,,,,,,,,,,600,,,,,,,
D:D:00001,target,/Users/hanibote/Desktop/Modeling/数据集/目标域数据集/D.mat,D,32000,,,,,,,,,,,,,,600,,,,,,,
D:D:00002,target,/Users/hanibote/Desktop/Modeling/数据集/目标域数据集/D.mat,D,32000,,,,,,,,,,,,,,600,,,,,,,
D:D:00003,target,/Users/hanibote/Desktop/Modeling/数据集/目标域数据集/D.mat,D,32000,,,,,,,,,,,,,,600,,,,,,,
D:D:00004,target,/Users/hanibote/Desktop/Modeling/数据集/目标域数据集/D.mat,D,32000,,,,,,,,,,,,,,600,,,,,,,
D:D:00005,target,/Users/hanibote/Desktop/Modeling/数据集/目标域数据集/D.mat,D,32000,,,,,,,,,,,,,,600,,,,,,,
D:D:00006,target,/Users/hanibote/Desktop/Modeling/数据集/目标域数据集/D.mat,D,32000,,,,,,,,,,,,,,600,,,,,,,
D:D:00007,target,/Users/hanibote/Desktop/Modeling/数据集/目标域数据集/D.mat,D,32000,,,,,,,,,,,,,,600,,,,,,,
D:D:00008,target,/Users/hanibote/Desktop/Modeling/数据集/目标域数据集/D.mat,D,32000,,,,,,,,,,,,,,600,,,,,,,
D:D:00009,target,/Users/hanibote/Desktop/Modeling/数据集/目标域数据集/D.mat,D,32000,,,,,,,,,,,,,,600,,,,,,,
D:D:00010,target,/Users/hanibote/Desktop/Modeling/数据集/目标域数据集/D.mat,D,32000,,,,,,,,,,,,,,600,,,,,,,
D:D:00011,target,/Users/hanibote/Desktop/Modeling/数据集/目标域数据集/D.mat,D,32000,,,,,,,,,,,,,,600,,,,,,,
D:D:00012,target,/Users/hanibote/Desktop/Modeling/数据集/目标域数据集/D.mat,D,32000,,,,,,,,,,,,,,600,,,,,,,
D:D:00013,target,/Users/hanibote/Desktop/Modeling/数据集/目标域数据集/D.mat,D,32000,,,,,,,,,,,,,,600,,,,,,,
D:D:00014,target,/Users/hanibote/Desktop/Modeling/数据集/目标域数据集/D.mat,D,32000,,,,,,,,,,,,,,600,,,,,,,
D:D:00015,target,/Users/hanibote/Desktop/Modeling/数据集/目标域数据集/D.mat,D,32000,,,,,,,,,,,,,,600,,,,,,,
D:D:00016,target,/Users/hanibote/Desktop/Modeling/数据集/目标域数据集/D.mat,D,32000,,,,,,,,,,,,,,600,,,,,,,
D:D:00017,target,/Users/hanibote/Desktop/Modeling/数据集/目标域数据集/D.mat,D,32000,,,,,,,,,,,,,,600,,,,,,,
D:D:00018,target,/Users/hanibote/Desktop/Modeling/数据集/目标域数据集/D.mat,D,32000,,,,,,,,,,,,,,600,,,,,,,
D:D:00019,target,/Users/hanibote/Desktop/Modeling/数据集/目标域数据集/D.mat,D,32000,,,,,,,,,,,,,,600,,,,,,,
D:D:00020,target,/Users/hanibote/Desktop/Modeling/数据集/目标域数据集/D.mat,D,32000,,,,,,,,,,,,,,600,,,,,,,
D:D:00021,target,/Users/hanibote/Desktop/Modeling/数据集/目标域数据集/D.mat,D,32000,,,,,,,,,,,,,,600,,,,,,,
D:D:00022,target,/Users/hanibote/Desktop/Modeling/数据集/目标域数据集/D.mat,D,32000,,,,,,,,,,,,,,600,,,,,,,
D:D:00023,target,/Users/hanibote/Desktop/Modeling/数据集/目标域数据集/D.mat,D,32000,,,,,,,,,,,,,,600,,,,,,,
D:D:00024,target,/Users/hanibote/Desktop/Modeling/数据集/目标域数据集/D.mat,D,32000,,,,,,,,,,,,,,600,,,,,,,
D:D:00025,target,/Users/hanibote/Desktop/Modeling/数据集/目标域数据集/D.mat,D,32000,,,,,,,,,,,,,,600,,,,,,,
D:D:00026,target,/Users/hanibote/Desktop/Modeling/数据集/目标域数据集/D.mat,D,32000,,,,,,,,,,,,,,600,,,,,,,
D:D:00027,target,/Users/hanibote/Desktop/Modeling/数据集/目标域数据集/D.mat,D,32000,,,,,,,,,,,,,,600,,,,,,,
D:D:00028,target,/Users/hanibote/Desktop/Modeling/数据集/目标域数据集/D.mat,D,32000,,,,,,,,,,,,,,600,,,,,,,
D:D:00029,target,/Users/hanibote/Desktop/Modeling/数据集/目标域数据集/D.mat,D,32000,,,,,,,,,,,,,,600,,,,,,,
D:D:00030,target,/Users/hanibote/Desktop/Modeling/数据集/目标域数据集/D.mat,D,32000,,,,,,,,,,,,,,600,,,,,,,
E:E:00000,target,/Users/hanibote/Desktop/Modeling/数据集/目标域数据集/E.mat,E,32000,,,,,,,,,,,,,,600,,,,,,,
E:E:00001,target,/Users/hanibote/Desktop/Modeling/数据集/目标域数据集/E.mat,E,32000,,,,,,,,,,,,,,600,,,,,,,
E:E:00002,target,/Users/hanibote/Desktop/Modeling/数据集/目标域数据集/E.mat,E,32000,,,,,,,,,,,,,,600,,,,,,,
E:E:00003,target,/Users/hanibote/Desktop/Modeling/数据集/目标域数据集/E.mat,E,32000,,,,,,,,,,,,,,600,,,,,,,
E:E:00004,target,/Users/hanibote/Desktop/Modeling/数据集/目标域数据集/E.mat,E,32000,,,,,,,,,,,,,,600,,,,,,,
E:E:00005,target,/Users/hanibote/Desktop/Modeling/数据集/目标域数据集/E.mat,E,32000,,,,,,,,,,,,,,600,,,,,,,
E:E:00006,target,/Users/hanibote/Desktop/Modeling/数据集/目标域数据集/E.mat,E,32000,,,,,,,,,,,,,,600,,,,,,,
E:E:00007,target,/Users/hanibote/Desktop/Modeling/数据集/目标域数据集/E.mat,E,32000,,,,,,,,,,,,,,600,,,,,,,
E:E:00008,target,/Users/hanibote/Desktop/Modeling/数据集/目标域数据集/E.mat,E,32000,,,,,,,,,,,,,,600,,,,,,,
E:E:00009,target,/Users/hanibote/Desktop/Modeling/数据集/目标域数据集/E.mat,E,32000,,,,,,,,,,,,,,600,,,,,,,
E:E:00010,target,/Users/hanibote/Desktop/Modeling/数据集/目标域数据集/E.mat,E,32000,,,,,,,,,,,,,,600,,,,,,,
E:E:00011,target,/Users/hanibote/Desktop/Modeling/数据集/目标域数据集/E.mat,E,32000,,,,,,,,,,,,,,600,,,,,,,
E:E:00012,target,/Users/hanibote/Desktop/Modeling/数据集/目标域数据集/E.mat,E,32000,,,,,,,,,,,,,,600,,,,,,,
E:E:00013,target,/Users/hanibote/Desktop/Modeling/数据集/目标域数据集/E.mat,E,32000,,,,,,,,,,,,,,600,,,,,,,
E:E:00014,target,/Users/hanibote/Desktop/Modeling/数据集/目标域数据集/E.mat,E,32000,,,,,,,,,,,,,,600,,,,,,,
E:E:00015,target,/Users/hanibote/Desktop/Modeling/数据集/目标域数据集/E.mat,E,32000,,,,,,,,,,,,,,600,,,,,,,
E:E:00016,target,/Users/hanibote/Desktop/Modeling/数据集/目标域数据集/E.mat,E,32000,,,,,,,,,,,,,,600,,,,,,,
E:E:00017,target,/Users/hanibote/Desktop/Modeling/数据集/目标域数据集/E.mat,E,32000,,,,,,,,,,,,,,600,,,,,,,
E:E:00018,target,/Users/hanibote/Desktop/Modeling/数据集/目标域数据集/E.mat,E,32000,,,,,,,,,,,,,,600,,,,,,,
E:E:00019,target,/Users/hanibote/Desktop/Modeling/数据集/目标域数据集/E.mat,E,32000,,,,,,,,,,,,,,600,,,,,,,
E:E:00020,target,/Users/hanibote/Desktop/Modeling/数据集/目标域数据集/E.mat,E,32000,,,,,,,,,,,,,,600,,,,,,,
E:E:00021,target,/Users/hanibote/Desktop/Modeling/数据集/目标域数据集/E.mat,E,32000,,,,,,,,,,,,,,600,,,,,,,
E:E:00022,target,/Users/hanibote/Desktop/Modeling/数据集/目标域数据集/E.mat,E,32000,,,,,,,,,,,,,,600,,,,,,,
E:E:00023,target,/Users/hanibote/Desktop/Modeling/数据集/目标域数据集/E.mat,E,32000,,,,,,,,,,,,,,600,,,,,,,
E:E:00024,target,/Users/hanibote/Desktop/Modeling/数据集/目标域数据集/E.mat,E,32000,,,,,,,,,,,,,,600,,,,,,,
E:E:00025,target,/Users/hanibote/Desktop/Modeling/数据集/目标域数据集/E.mat,E,32000,,,,,,,,,,,,,,600,,,,,,,
E:E:00026,target,/Users/hanibote/Desktop/Modeling/数据集/目标域数据集/E.mat,E,32000,,,,,,,,,,,,,,600,,,,,,,
E:E:00027,target,/Users/hanibote/Desktop/Modeling/数据集/目标域数据集/E.mat,E,32000,,,,,,,,,,,,,,600,,,,,,,
E:E:00028,target,/Users/hanibote/Desktop/Modeling/数据集/目标域数据集/E.mat,E,32000,,,,,,,,,,,,,,600,,,,,,,
E:E:00029,target,/Users/hanibote/Desktop/Modeling/数据集/目标域数据集/E.mat,E,32000,,,,,,,,,,,,,,600,,,,,,,
E:E:00030,target,/Users/hanibote/Desktop/Modeling/数据集/目标域数据集/E.mat,E,32000,,,,,,,,,,,,,,600,,,,,,,
F:F:00000,target,/Users/hanibote/Desktop/Modeling/数据集/目标域数据集/F.mat,F,32000,,,,,,,,,,,,,,600,,,,,,,
F:F:00001,target,/Users/hanibote/Desktop/Modeling/数据集/目标域数据集/F.mat,F,32000,,,,,,,,,,,,,,600,,,,,,,
F:F:00002,target,/Users/hanibote/Desktop/Modeling/数据集/目标域数据集/F.mat,F,32000,,,,,,,,,,,,,,600,,,,,,,
F:F:00003,target,/Users/hanibote/Desktop/Modeling/数据集/目标域数据集/F.mat,F,32000,,,,,,,,,,,,,,600,,,,,,,
F:F:00004,target,/Users/hanibote/Desktop/Modeling/数据集/目标域数据集/F.mat,F,32000,,,,,,,,,,,,,,600,,,,,,,
F:F:00005,target,/Users/hanibote/Desktop/Modeling/数据集/目标域数据集/F.mat,F,32000,,,,,,,,,,,,,,600,,,,,,,
F:F:00006,target,/Users/hanibote/Desktop/Modeling/数据集/目标域数据集/F.mat,F,32000,,,,,,,,,,,,,,600,,,,,,,
F:F:00007,target,/Users/hanibote/Desktop/Modeling/数据集/目标域数据集/F.mat,F,32000,,,,,,,,,,,,,,600,,,,,,,
F:F:00008,target,/Users/hanibote/Desktop/Modeling/数据集/目标域数据集/F.mat,F,32000,,,,,,,,,,,,,,600,,,,,,,
F:F:00009,target,/Users/hanibote/Desktop/Modeling/数据集/目标域数据集/F.mat,F,32000,,,,,,,,,,,,,,600,,,,,,,
F:F:00010,target,/Users/hanibote/Desktop/Modeling/数据集/目标域数据集/F.mat,F,32000,,,,,,,,,,,,,,600,,,,,,,
F:F:00011,target,/Users/hanibote/Desktop/Modeling/数据集/目标域数据集/F.mat,F,32000,,,,,,,,,,,,,,600,,,,,,,
F:F:00012,target,/Users/hanibote/Desktop/Modeling/数据集/目标域数据集/F.mat,F,32000,,,,,,,,,,,,,,600,,,,,,,
F:F:00013,target,/Users/hanibote/Desktop/Modeling/数据集/目标域数据集/F.mat,F,32000,,,,,,,,,,,,,,600,,,,,,,
F:F:00014,target,/Users/hanibote/Desktop/Modeling/数据集/目标域数据集/F.mat,F,32000,,,,,,,,,,,,,,600,,,,,,,
F:F:00015,target,/Users/hanibote/Desktop/Modeling/数据集/目标域数据集/F.mat,F,32000,,,,,,,,,,,,,,600,,,,,,,
F:F:00016,target,/Users/hanibote/Desktop/Modeling/数据集/目标域数据集/F.mat,F,32000,,,,,,,,,,,,,,600,,,,,,,
F:F:00017,target,/Users/hanibote/Desktop/Modeling/数据集/目标域数据集/F.mat,F,32000,,,,,,,,,,,,,,600,,,,,,,
F:F:00018,target,/Users/hanibote/Desktop/Modeling/数据集/目标域数据集/F.mat,F,32000,,,,,,,,,,,,,,600,,,,,,,
F:F:00019,target,/Users/hanibote/Desktop/Modeling/数据集/目标域数据集/F.mat,F,32000,,,,,,,,,,,,,,600,,,,,,,
F:F:00020,target,/Users/hanibote/Desktop/Modeling/数据集/目标域数据集/F.mat,F,32000,,,,,,,,,,,,,,600,,,,,,,
F:F:00021,target,/Users/hanibote/Desktop/Modeling/数据集/目标域数据集/F.mat,F,32000,,,,,,,,,,,,,,600,,,,,,,
F:F:00022,target,/Users/hanibote/Desktop/Modeling/数据集/目标域数据集/F.mat,F,32000,,,,,,,,,,,,,,600,,,,,,,
F:F:00023,target,/Users/hanibote/Desktop/Modeling/数据集/目标域数据集/F.mat,F,32000,,,,,,,,,,,,,,600,,,,,,,
F:F:00024,target,/Users/hanibote/Desktop/Modeling/数据集/目标域数据集/F.mat,F,32000,,,,,,,,,,,,,,600,,,,,,,
F:F:00025,target,/Users/hanibote/Desktop/Modeling/数据集/目标域数据集/F.mat,F,32000,,,,,,,,,,,,,,600,,,,,,,
F:F:00026,target,/Users/hanibote/Desktop/Modeling/数据集/目标域数据集/F.mat,F,32000,,,,,,,,,,,,,,600,,,,,,,
F:F:00027,target,/Users/hanibote/Desktop/Modeling/数据集/目标域数据集/F.mat,F,32000,,,,,,,,,,,,,,600,,,,,,,
F:F:00028,target,/Users/hanibote/Desktop/Modeling/数据集/目标域数据集/F.mat,F,32000,,,,,,,,,,,,,,600,,,,,,,
F:F:00029,target,/Users/hanibote/Desktop/Modeling/数据集/目标域数据集/F.mat,F,32000,,,,,,,,,,,,,,600,,,,,,,
F:F:00030,target,/Users/hanibote/Desktop/Modeling/数据集/目标域数据集/F.mat,F,32000,,,,,,,,,,,,,,600,,,,,,,
G:G:00000,target,/Users/hanibote/Desktop/Modeling/数据集/目标域数据集/G.mat,G,32000,,,,,,,,,,,,,,600,,,,,,,
G:G:00001,target,/Users/hanibote/Desktop/Modeling/数据集/目标域数据集/G.mat,G,32000,,,,,,,,,,,,,,600,,,,,,,
G:G:00002,target,/Users/hanibote/Desktop/Modeling/数据集/目标域数据集/G.mat,G,32000,,,,,,,,,,,,,,600,,,,,,,
G:G:00003,target,/Users/hanibote/Desktop/Modeling/数据集/目标域数据集/G.mat,G,32000,,,,,,,,,,,,,,600,,,,,,,
G:G:00004,target,/Users/hanibote/Desktop/Modeling/数据集/目标域数据集/G.mat,G,32000,,,,,,,,,,,,,,600,,,,,,,
G:G:00005,target,/Users/hanibote/Desktop/Modeling/数据集/目标域数据集/G.mat,G,32000,,,,,,,,,,,,,,600,,,,,,,
G:G:00006,target,/Users/hanibote/Desktop/Modeling/数据集/目标域数据集/G.mat,G,32000,,,,,,,,,,,,,,600,,,,,,,
G:G:00007,target,/Users/hanibote/Desktop/Modeling/数据集/目标域数据集/G.mat,G,32000,,,,,,,,,,,,,,600,,,,,,,
G:G:00008,target,/Users/hanibote/Desktop/Modeling/数据集/目标域数据集/G.mat,G,32000,,,,,,,,,,,,,,600,,,,,,,
G:G:00009,target,/Users/hanibote/Desktop/Modeling/数据集/目标域数据集/G.mat,G,32000,,,,,,,,,,,,,,600,,,,,,,
G:G:00010,target,/Users/hanibote/Desktop/Modeling/数据集/目标域数据集/G.mat,G,32000,,,,,,,,,,,,,,600,,,,,,,
G:G:00011,target,/Users/hanibote/Desktop/Modeling/数据集/目标域数据集/G.mat,G,32000,,,,,,,,,,,,,,600,,,,,,,
G:G:00012,target,/Users/hanibote/Desktop/Modeling/数据集/目标域数据集/G.mat,G,32000,,,,,,,,,,,,,,600,,,,,,,
G:G:00013,target,/Users/hanibote/Desktop/Modeling/数据集/目标域数据集/G.mat,G,32000,,,,,,,,,,,,,,600,,,,,,,
G:G:00014,target,/Users/hanibote/Desktop/Modeling/数据集/目标域数据集/G.mat,G,32000,,,,,,,,,,,,,,600,,,,,,,
G:G:00015,target,/Users/hanibote/Desktop/Modeling/数据集/目标域数据集/G.mat,G,32000,,,,,,,,,,,,,,600,,,,,,,
G:G:00016,target,/Users/hanibote/Desktop/Modeling/数据集/目标域数据集/G.mat,G,32000,,,,,,,,,,,,,,600,,,,,,,
G:G:00017,target,/Users/hanibote/Desktop/Modeling/数据集/目标域数据集/G.mat,G,32000,,,,,,,,,,,,,,600,,,,,,,
G:G:00018,target,/Users/hanibote/Desktop/Modeling/数据集/目标域数据集/G.mat,G,32000,,,,,,,,,,,,,,600,,,,,,,
G:G:00019,target,/Users/hanibote/Desktop/Modeling/数据集/目标域数据集/G.mat,G,32000,,,,,,,,,,,,,,600,,,,,,,
G:G:00020,target,/Users/hanibote/Desktop/Modeling/数据集/目标域数据集/G.mat,G,32000,,,,,,,,,,,,,,600,,,,,,,
G:G:00021,target,/Users/hanibote/Desktop/Modeling/数据集/目标域数据集/G.mat,G,32000,,,,,,,,,,,,,,600,,,,,,,
G:G:00022,target,/Users/hanibote/Desktop/Modeling/数据集/目标域数据集/G.mat,G,32000,,,,,,,,,,,,,,600,,,,,,,
G:G:00023,target,/Users/hanibote/Desktop/Modeling/数据集/目标域数据集/G.mat,G,32000,,,,,,,,,,,,,,600,,,,,,,
G:G:00024,target,/Users/hanibote/Desktop/Modeling/数据集/目标域数据集/G.mat,G,32000,,,,,,,,,,,,,,600,,,,,,,
G:G:00025,target,/Users/hanibote/Desktop/Modeling/数据集/目标域数据集/G.mat,G,32000,,,,,,,,,,,,,,600,,,,,,,
G:G:00026,target,/Users/hanibote/Desktop/Modeling/数据集/目标域数据集/G.mat,G,32000,,,,,,,,,,,,,,600,,,,,,,
G:G:00027,target,/Users/hanibote/Desktop/Modeling/数据集/目标域数据集/G.mat,G,32000,,,,,,,,,,,,,,600,,,,,,,
G:G:00028,target,/Users/hanibote/Desktop/Modeling/数据集/目标域数据集/G.mat,G,32000,,,,,,,,,,,,,,600,,,,,,,
G:G:00029,target,/Users/hanibote/Desktop/Modeling/数据集/目标域数据集/G.mat,G,32000,,,,,,,,,,,,,,600,,,,,,,
G:G:00030,target,/Users/hanibote/Desktop/Modeling/数据集/目标域数据集/G.mat,G,32000,,,,,,,,,,,,,,600,,,,,,,
H:H:00000,target,/Users/hanibote/Desktop/Modeling/数据集/目标域数据集/H.mat,H,32000,,,,,,,,,,,,,,600,,,,,,,
H:H:00001,target,/Users/hanibote/Desktop/Modeling/数据集/目标域数据集/H.mat,H,32000,,,,,,,,,,,,,,600,,,,,,,
H:H:00002,target,/Users/hanibote/Desktop/Modeling/数据集/目标域数据集/H.mat,H,32000,,,,,,,,,,,,,,600,,,,,,,
H:H:00003,target,/Users/hanibote/Desktop/Modeling/数据集/目标域数据集/H.mat,H,32000,,,,,,,,,,,,,,600,,,,,,,
H:H:00004,target,/Users/hanibote/Desktop/Modeling/数据集/目标域数据集/H.mat,H,32000,,,,,,,,,,,,,,600,,,,,,,
H:H:00005,target,/Users/hanibote/Desktop/Modeling/数据集/目标域数据集/H.mat,H,32000,,,,,,,,,,,,,,600,,,,,,,
H:H:00006,target,/Users/hanibote/Desktop/Modeling/数据集/目标域数据集/H.mat,H,32000,,,,,,,,,,,,,,600,,,,,,,
H:H:00007,target,/Users/hanibote/Desktop/Modeling/数据集/目标域数据集/H.mat,H,32000,,,,,,,,,,,,,,600,,,,,,,
H:H:00008,target,/Users/hanibote/Desktop/Modeling/数据集/目标域数据集/H.mat,H,32000,,,,,,,,,,,,,,600,,,,,,,
H:H:00009,target,/Users/hanibote/Desktop/Modeling/数据集/目标域数据集/H.mat,H,32000,,,,,,,,,,,,,,600,,,,,,,
H:H:00010,target,/Users/hanibote/Desktop/Modeling/数据集/目标域数据集/H.mat,H,32000,,,,,,,,,,,,,,600,,,,,,,
H:H:00011,target,/Users/hanibote/Desktop/Modeling/数据集/目标域数据集/H.mat,H,32000,,,,,,,,,,,,,,600,,,,,,,
H:H:00012,target,/Users/hanibote/Desktop/Modeling/数据集/目标域数据集/H.mat,H,32000,,,,,,,,,,,,,,600,,,,,,,
H:H:00013,target,/Users/hanibote/Desktop/Modeling/数据集/目标域数据集/H.mat,H,32000,,,,,,,,,,,,,,600,,,,,,,
H:H:00014,target,/Users/hanibote/Desktop/Modeling/数据集/目标域数据集/H.mat,H,32000,,,,,,,,,,,,,,600,,,,,,,
H:H:00015,target,/Users/hanibote/Desktop/Modeling/数据集/目标域数据集/H.mat,H,32000,,,,,,,,,,,,,,600,,,,,,,
H:H:00016,target,/Users/hanibote/Desktop/Modeling/数据集/目标域数据集/H.mat,H,32000,,,,,,,,,,,,,,600,,,,,,,
H:H:00017,target,/Users/hanibote/Desktop/Modeling/数据集/目标域数据集/H.mat,H,32000,,,,,,,,,,,,,,600,,,,,,,
H:H:00018,target,/Users/hanibote/Desktop/Modeling/数据集/目标域数据集/H.mat,H,32000,,,,,,,,,,,,,,600,,,,,,,
H:H:00019,target,/Users/hanibote/Desktop/Modeling/数据集/目标域数据集/H.mat,H,32000,,,,,,,,,,,,,,600,,,,,,,
H:H:00020,target,/Users/hanibote/Desktop/Modeling/数据集/目标域数据集/H.mat,H,32000,,,,,,,,,,,,,,600,,,,,,,
H:H:00021,target,/Users/hanibote/Desktop/Modeling/数据集/目标域数据集/H.mat,H,32000,,,,,,,,,,,,,,600,,,,,,,
H:H:00022,target,/Users/hanibote/Desktop/Modeling/数据集/目标域数据集/H.mat,H,32000,,,,,,,,,,,,,,600,,,,,,,
H:H:00023,target,/Users/hanibote/Desktop/Modeling/数据集/目标域数据集/H.mat,H,32000,,,,,,,,,,,,,,600,,,,,,,
H:H:00024,target,/Users/hanibote/Desktop/Modeling/数据集/目标域数据集/H.mat,H,32000,,,,,,,,,,,,,,600,,,,,,,
H:H:00025,target,/Users/hanibote/Desktop/Modeling/数据集/目标域数据集/H.mat,H,32000,,,,,,,,,,,,,,600,,,,,,,
H:H:00026,target,/Users/hanibote/Desktop/Modeling/数据集/目标域数据集/H.mat,H,32000,,,,,,,,,,,,,,600,,,,,,,
H:H:00027,target,/Users/hanibote/Desktop/Modeling/数据集/目标域数据集/H.mat,H,32000,,,,,,,,,,,,,,600,,,,,,,
H:H:00028,target,/Users/hanibote/Desktop/Modeling/数据集/目标域数据集/H.mat,H,32000,,,,,,,,,,,,,,600,,,,,,,
H:H:00029,target,/Users/hanibote/Desktop/Modeling/数据集/目标域数据集/H.mat,H,32000,,,,,,,,,,,,,,600,,,,,,,
H:H:00030,target,/Users/hanibote/Desktop/Modeling/数据集/目标域数据集/H.mat,H,32000,,,,,,,,,,,,,,600,,,,,,,
I:I:00000,target,/Users/hanibote/Desktop/Modeling/数据集/目标域数据集/I.mat,I,32000,,,,,,,,,,,,,,600,,,,,,,
I:I:00001,target,/Users/hanibote/Desktop/Modeling/数据集/目标域数据集/I.mat,I,32000,,,,,,,,,,,,,,600,,,,,,,
I:I:00002,target,/Users/hanibote/Desktop/Modeling/数据集/目标域数据集/I.mat,I,32000,,,,,,,,,,,,,,600,,,,,,,
I:I:00003,target,/Users/hanibote/Desktop/Modeling/数据集/目标域数据集/I.mat,I,32000,,,,,,,,,,,,,,600,,,,,,,
I:I:00004,target,/Users/hanibote/Desktop/Modeling/数据集/目标域数据集/I.mat,I,32000,,,,,,,,,,,,,,600,,,,,,,
I:I:00005,target,/Users/hanibote/Desktop/Modeling/数据集/目标域数据集/I.mat,I,32000,,,,,,,,,,,,,,600,,,,,,,
I:I:00006,target,/Users/hanibote/Desktop/Modeling/数据集/目标域数据集/I.mat,I,32000,,,,,,,,,,,,,,600,,,,,,,
I:I:00007,target,/Users/hanibote/Desktop/Modeling/数据集/目标域数据集/I.mat,I,32000,,,,,,,,,,,,,,600,,,,,,,
I:I:00008,target,/Users/hanibote/Desktop/Modeling/数据集/目标域数据集/I.mat,I,32000,,,,,,,,,,,,,,600,,,,,,,
I:I:00009,target,/Users/hanibote/Desktop/Modeling/数据集/目标域数据集/I.mat,I,32000,,,,,,,,,,,,,,600,,,,,,,
I:I:00010,target,/Users/hanibote/Desktop/Modeling/数据集/目标域数据集/I.mat,I,32000,,,,,,,,,,,,,,600,,,,,,,
I:I:00011,target,/Users/hanibote/Desktop/Modeling/数据集/目标域数据集/I.mat,I,32000,,,,,,,,,,,,,,600,,,,,,,
I:I:00012,target,/Users/hanibote/Desktop/Modeling/数据集/目标域数据集/I.mat,I,32000,,,,,,,,,,,,,,600,,,,,,,
I:I:00013,target,/Users/hanibote/Desktop/Modeling/数据集/目标域数据集/I.mat,I,32000,,,,,,,,,,,,,,600,,,,,,,
I:I:00014,target,/Users/hanibote/Desktop/Modeling/数据集/目标域数据集/I.mat,I,32000,,,,,,,,,,,,,,600,,,,,,,
I:I:00015,target,/Users/hanibote/Desktop/Modeling/数据集/目标域数据集/I.mat,I,32000,,,,,,,,,,,,,,600,,,,,,,
I:I:00016,target,/Users/hanibote/Desktop/Modeling/数据集/目标域数据集/I.mat,I,32000,,,,,,,,,,,,,,600,,,,,,,
I:I:00017,target,/Users/hanibote/Desktop/Modeling/数据集/目标域数据集/I.mat,I,32000,,,,,,,,,,,,,,600,,,,,,,
I:I:00018,target,/Users/hanibote/Desktop/Modeling/数据集/目标域数据集/I.mat,I,32000,,,,,,,,,,,,,,600,,,,,,,
I:I:00019,target,/Users/hanibote/Desktop/Modeling/数据集/目标域数据集/I.mat,I,32000,,,,,,,,,,,,,,600,,,,,,,
I:I:00020,target,/Users/hanibote/Desktop/Modeling/数据集/目标域数据集/I.mat,I,32000,,,,,,,,,,,,,,600,,,,,,,
I:I:00021,target,/Users/hanibote/Desktop/Modeling/数据集/目标域数据集/I.mat,I,32000,,,,,,,,,,,,,,600,,,,,,,
I:I:00022,target,/Users/hanibote/Desktop/Modeling/数据集/目标域数据集/I.mat,I,32000,,,,,,,,,,,,,,600,,,,,,,
I:I:00023,target,/Users/hanibote/Desktop/Modeling/数据集/目标域数据集/I.mat,I,32000,,,,,,,,,,,,,,600,,,,,,,
I:I:00024,target,/Users/hanibote/Desktop/Modeling/数据集/目标域数据集/I.mat,I,32000,,,,,,,,,,,,,,600,,,,,,,
I:I:00025,target,/Users/hanibote/Desktop/Modeling/数据集/目标域数据集/I.mat,I,32000,,,,,,,,,,,,,,600,,,,,,,
I:I:00026,target,/Users/hanibote/Desktop/Modeling/数据集/目标域数据集/I.mat,I,32000,,,,,,,,,,,,,,600,,,,,,,
I:I:00027,target,/Users/hanibote/Desktop/Modeling/数据集/目标域数据集/I.mat,I,32000,,,,,,,,,,,,,,600,,,,,,,
I:I:00028,target,/Users/hanibote/Desktop/Modeling/数据集/目标域数据集/I.mat,I,32000,,,,,,,,,,,,,,600,,,,,,,
I:I:00029,target,/Users/hanibote/Desktop/Modeling/数据集/目标域数据集/I.mat,I,32000,,,,,,,,,,,,,,600,,,,,,,
I:I:00030,target,/Users/hanibote/Desktop/Modeling/数据集/目标域数据集/I.mat,I,32000,,,,,,,,,,,,,,600,,,,,,,
J:J:00000,target,/Users/hanibote/Desktop/Modeling/数据集/目标域数据集/J.mat,J,32000,,,,,,,,,,,,,,600,,,,,,,
J:J:00001,target,/Users/hanibote/Desktop/Modeling/数据集/目标域数据集/J.mat,J,32000,,,,,,,,,,,,,,600,,,,,,,
J:J:00002,target,/Users/hanibote/Desktop/Modeling/数据集/目标域数据集/J.mat,J,32000,,,,,,,,,,,,,,600,,,,,,,
J:J:00003,target,/Users/hanibote/Desktop/Modeling/数据集/目标域数据集/J.mat,J,32000,,,,,,,,,,,,,,600,,,,,,,
J:J:00004,target,/Users/hanibote/Desktop/Modeling/数据集/目标域数据集/J.mat,J,32000,,,,,,,,,,,,,,600,,,,,,,
J:J:00005,target,/Users/hanibote/Desktop/Modeling/数据集/目标域数据集/J.mat,J,32000,,,,,,,,,,,,,,600,,,,,,,
J:J:00006,target,/Users/hanibote/Desktop/Modeling/数据集/目标域数据集/J.mat,J,32000,,,,,,,,,,,,,,600,,,,,,,
J:J:00007,target,/Users/hanibote/Desktop/Modeling/数据集/目标域数据集/J.mat,J,32000,,,,,,,,,,,,,,600,,,,,,,
J:J:00008,target,/Users/hanibote/Desktop/Modeling/数据集/目标域数据集/J.mat,J,32000,,,,,,,,,,,,,,600,,,,,,,
J:J:00009,target,/Users/hanibote/Desktop/Modeling/数据集/目标域数据集/J.mat,J,32000,,,,,,,,,,,,,,600,,,,,,,
J:J:00010,target,/Users/hanibote/Desktop/Modeling/数据集/目标域数据集/J.mat,J,32000,,,,,,,,,,,,,,600,,,,,,,
J:J:00011,target,/Users/hanibote/Desktop/Modeling/数据集/目标域数据集/J.mat,J,32000,,,,,,,,,,,,,,600,,,,,,,
J:J:00012,target,/Users/hanibote/Desktop/Modeling/数据集/目标域数据集/J.mat,J,32000,,,,,,,,,,,,,,600,,,,,,,
J:J:00013,target,/Users/hanibote/Desktop/Modeling/数据集/目标域数据集/J.mat,J,32000,,,,,,,,,,,,,,600,,,,,,,
J:J:00014,target,/Users/hanibote/Desktop/Modeling/数据集/目标域数据集/J.mat,J,32000,,,,,,,,,,,,,,600,,,,,,,
J:J:00015,target,/Users/hanibote/Desktop/Modeling/数据集/目标域数据集/J.mat,J,32000,,,,,,,,,,,,,,600,,,,,,,
J:J:00016,target,/Users/hanibote/Desktop/Modeling/数据集/目标域数据集/J.mat,J,32000,,,,,,,,,,,,,,600,,,,,,,
J:J:00017,target,/Users/hanibote/Desktop/Modeling/数据集/目标域数据集/J.mat,J,32000,,,,,,,,,,,,,,600,,,,,,,
J:J:00018,target,/Users/hanibote/Desktop/Modeling/数据集/目标域数据集/J.mat,J,32000,,,,,,,,,,,,,,600,,,,,,,
J:J:00019,target,/Users/hanibote/Desktop/Modeling/数据集/目标域数据集/J.mat,J,32000,,,,,,,,,,,,,,600,,,,,,,
J:J:00020,target,/Users/hanibote/Desktop/Modeling/数据集/目标域数据集/J.mat,J,32000,,,,,,,,,,,,,,600,,,,,,,
J:J:00021,target,/Users/hanibote/Desktop/Modeling/数据集/目标域数据集/J.mat,J,32000,,,,,,,,,,,,,,600,,,,,,,
J:J:00022,target,/Users/hanibote/Desktop/Modeling/数据集/目标域数据集/J.mat,J,32000,,,,,,,,,,,,,,600,,,,,,,
J:J:00023,target,/Users/hanibote/Desktop/Modeling/数据集/目标域数据集/J.mat,J,32000,,,,,,,,,,,,,,600,,,,,,,
J:J:00024,target,/Users/hanibote/Desktop/Modeling/数据集/目标域数据集/J.mat,J,32000,,,,,,,,,,,,,,600,,,,,,,
J:J:00025,target,/Users/hanibote/Desktop/Modeling/数据集/目标域数据集/J.mat,J,32000,,,,,,,,,,,,,,600,,,,,,,
J:J:00026,target,/Users/hanibote/Desktop/Modeling/数据集/目标域数据集/J.mat,J,32000,,,,,,,,,,,,,,600,,,,,,,
J:J:00027,target,/Users/hanibote/Desktop/Modeling/数据集/目标域数据集/J.mat,J,32000,,,,,,,,,,,,,,600,,,,,,,
J:J:00028,target,/Users/hanibote/Desktop/Modeling/数据集/目标域数据集/J.mat,J,32000,,,,,,,,,,,,,,600,,,,,,,
J:J:00029,target,/Users/hanibote/Desktop/Modeling/数据集/目标域数据集/J.mat,J,32000,,,,,,,,,,,,,,600,,,,,,,
J:J:00030,target,/Users/hanibote/Desktop/Modeling/数据集/目标域数据集/J.mat,J,32000,,,,,,,,,,,,,,600,,,,,,,
K:K:00000,target,/Users/hanibote/Desktop/Modeling/数据集/目标域数据集/K.mat,K,32000,,,,,,,,,,,,,,600,,,,,,,
K:K:00001,target,/Users/hanibote/Desktop/Modeling/数据集/目标域数据集/K.mat,K,32000,,,,,,,,,,,,,,600,,,,,,,
K:K:00002,target,/Users/hanibote/Desktop/Modeling/数据集/目标域数据集/K.mat,K,32000,,,,,,,,,,,,,,600,,,,,,,
K:K:00003,target,/Users/hanibote/Desktop/Modeling/数据集/目标域数据集/K.mat,K,32000,,,,,,,,,,,,,,600,,,,,,,
K:K:00004,target,/Users/hanibote/Desktop/Modeling/数据集/目标域数据集/K.mat,K,32000,,,,,,,,,,,,,,600,,,,,,,
K:K:00005,target,/Users/hanibote/Desktop/Modeling/数据集/目标域数据集/K.mat,K,32000,,,,,,,,,,,,,,600,,,,,,,
K:K:00006,target,/Users/hanibote/Desktop/Modeling/数据集/目标域数据集/K.mat,K,32000,,,,,,,,,,,,,,600,,,,,,,
K:K:00007,target,/Users/hanibote/Desktop/Modeling/数据集/目标域数据集/K.mat,K,32000,,,,,,,,,,,,,,600,,,,,,,
K:K:00008,target,/Users/hanibote/Desktop/Modeling/数据集/目标域数据集/K.mat,K,32000,,,,,,,,,,,,,,600,,,,,,,
K:K:00009,target,/Users/hanibote/Desktop/Modeling/数据集/目标域数据集/K.mat,K,32000,,,,,,,,,,,,,,600,,,,,,,
K:K:00010,target,/Users/hanibote/Desktop/Modeling/数据集/目标域数据集/K.mat,K,32000,,,,,,,,,,,,,,600,,,,,,,
K:K:00011,target,/Users/hanibote/Desktop/Modeling/数据集/目标域数据集/K.mat,K,32000,,,,,,,,,,,,,,600,,,,,,,
K:K:00012,target,/Users/hanibote/Desktop/Modeling/数据集/目标域数据集/K.mat,K,32000,,,,,,,,,,,,,,600,,,,,,,
K:K:00013,target,/Users/hanibote/Desktop/Modeling/数据集/目标域数据集/K.mat,K,32000,,,,,,,,,,,,,,600,,,,,,,
K:K:00014,target,/Users/hanibote/Desktop/Modeling/数据集/目标域数据集/K.mat,K,32000,,,,,,,,,,,,,,600,,,,,,,
K:K:00015,target,/Users/hanibote/Desktop/Modeling/数据集/目标域数据集/K.mat,K,32000,,,,,,,,,,,,,,600,,,,,,,
K:K:00016,target,/Users/hanibote/Desktop/Modeling/数据集/目标域数据集/K.mat,K,32000,,,,,,,,,,,,,,600,,,,,,,
K:K:00017,target,/Users/hanibote/Desktop/Modeling/数据集/目标域数据集/K.mat,K,32000,,,,,,,,,,,,,,600,,,,,,,
K:K:00018,target,/Users/hanibote/Desktop/Modeling/数据集/目标域数据集/K.mat,K,32000,,,,,,,,,,,,,,600,,,,,,,
K:K:00019,target,/Users/hanibote/Desktop/Modeling/数据集/目标域数据集/K.mat,K,32000,,,,,,,,,,,,,,600,,,,,,,
K:K:00020,target,/Users/hanibote/Desktop/Modeling/数据集/目标域数据集/K.mat,K,32000,,,,,,,,,,,,,,600,,,,,,,
K:K:00021,target,/Users/hanibote/Desktop/Modeling/数据集/目标域数据集/K.mat,K,32000,,,,,,,,,,,,,,600,,,,,,,
K:K:00022,target,/Users/hanibote/Desktop/Modeling/数据集/目标域数据集/K.mat,K,32000,,,,,,,,,,,,,,600,,,,,,,
K:K:00023,target,/Users/hanibote/Desktop/Modeling/数据集/目标域数据集/K.mat,K,32000,,,,,,,,,,,,,,600,,,,,,,
K:K:00024,target,/Users/hanibote/Desktop/Modeling/数据集/目标域数据集/K.mat,K,32000,,,,,,,,,,,,,,600,,,,,,,
K:K:00025,target,/Users/hanibote/Desktop/Modeling/数据集/目标域数据集/K.mat,K,32000,,,,,,,,,,,,,,600,,,,,,,
K:K:00026,target,/Users/hanibote/Desktop/Modeling/数据集/目标域数据集/K.mat,K,32000,,,,,,,,,,,,,,600,,,,,,,
K:K:00027,target,/Users/hanibote/Desktop/Modeling/数据集/目标域数据集/K.mat,K,32000,,,,,,,,,,,,,,600,,,,,,,
K:K:00028,target,/Users/hanibote/Desktop/Modeling/数据集/目标域数据集/K.mat,K,32000,,,,,,,,,,,,,,600,,,,,,,
K:K:00029,target,/Users/hanibote/Desktop/Modeling/数据集/目标域数据集/K.mat,K,32000,,,,,,,,,,,,,,600,,,,,,,
K:K:00030,target,/Users/hanibote/Desktop/Modeling/数据集/目标域数据集/K.mat,K,32000,,,,,,,,,,,,,,600,,,,,,,
L:L:00000,target,/Users/hanibote/Desktop/Modeling/数据集/目标域数据集/L.mat,L,32000,,,,,,,,,,,,,,600,,,,,,,
L:L:00001,target,/Users/hanibote/Desktop/Modeling/数据集/目标域数据集/L.mat,L,32000,,,,,,,,,,,,,,600,,,,,,,
L:L:00002,target,/Users/hanibote/Desktop/Modeling/数据集/目标域数据集/L.mat,L,32000,,,,,,,,,,,,,,600,,,,,,,
L:L:00003,target,/Users/hanibote/Desktop/Modeling/数据集/目标域数据集/L.mat,L,32000,,,,,,,,,,,,,,600,,,,,,,
L:L:00004,target,/Users/hanibote/Desktop/Modeling/数据集/目标域数据集/L.mat,L,32000,,,,,,,,,,,,,,600,,,,,,,
L:L:00005,target,/Users/hanibote/Desktop/Modeling/数据集/目标域数据集/L.mat,L,32000,,,,,,,,,,,,,,600,,,,,,,
L:L:00006,target,/Users/hanibote/Desktop/Modeling/数据集/目标域数据集/L.mat,L,32000,,,,,,,,,,,,,,600,,,,,,,
L:L:00007,target,/Users/hanibote/Desktop/Modeling/数据集/目标域数据集/L.mat,L,32000,,,,,,,,,,,,,,600,,,,,,,
L:L:00008,target,/Users/hanibote/Desktop/Modeling/数据集/目标域数据集/L.mat,L,32000,,,,,,,,,,,,,,600,,,,,,,
L:L:00009,target,/Users/hanibote/Desktop/Modeling/数据集/目标域数据集/L.mat,L,32000,,,,,,,,,,,,,,600,,,,,,,
L:L:00010,target,/Users/hanibote/Desktop/Modeling/数据集/目标域数据集/L.mat,L,32000,,,,,,,,,,,,,,600,,,,,,,
L:L:00011,target,/Users/hanibote/Desktop/Modeling/数据集/目标域数据集/L.mat,L,32000,,,,,,,,,,,,,,600,,,,,,,
L:L:00012,target,/Users/hanibote/Desktop/Modeling/数据集/目标域数据集/L.mat,L,32000,,,,,,,,,,,,,,600,,,,,,,
L:L:00013,target,/Users/hanibote/Desktop/Modeling/数据集/目标域数据集/L.mat,L,32000,,,,,,,,,,,,,,600,,,,,,,
L:L:00014,target,/Users/hanibote/Desktop/Modeling/数据集/目标域数据集/L.mat,L,32000,,,,,,,,,,,,,,600,,,,,,,
L:L:00015,target,/Users/hanibote/Desktop/Modeling/数据集/目标域数据集/L.mat,L,32000,,,,,,,,,,,,,,600,,,,,,,
L:L:00016,target,/Users/hanibote/Desktop/Modeling/数据集/目标域数据集/L.mat,L,32000,,,,,,,,,,,,,,600,,,,,,,
L:L:00017,target,/Users/hanibote/Desktop/Modeling/数据集/目标域数据集/L.mat,L,32000,,,,,,,,,,,,,,600,,,,,,,
L:L:00018,target,/Users/hanibote/Desktop/Modeling/数据集/目标域数据集/L.mat,L,32000,,,,,,,,,,,,,,600,,,,,,,
L:L:00019,target,/Users/hanibote/Desktop/Modeling/数据集/目标域数据集/L.mat,L,32000,,,,,,,,,,,,,,600,,,,,,,
L:L:00020,target,/Users/hanibote/Desktop/Modeling/数据集/目标域数据集/L.mat,L,32000,,,,,,,,,,,,,,600,,,,,,,
L:L:00021,target,/Users/hanibote/Desktop/Modeling/数据集/目标域数据集/L.mat,L,32000,,,,,,,,,,,,,,600,,,,,,,
L:L:00022,target,/Users/hanibote/Desktop/Modeling/数据集/目标域数据集/L.mat,L,32000,,,,,,,,,,,,,,600,,,,,,,
L:L:00023,target,/Users/hanibote/Desktop/Modeling/数据集/目标域数据集/L.mat,L,32000,,,,,,,,,,,,,,600,,,,,,,
L:L:00024,target,/Users/hanibote/Desktop/Modeling/数据集/目标域数据集/L.mat,L,32000,,,,,,,,,,,,,,600,,,,,,,
L:L:00025,target,/Users/hanibote/Desktop/Modeling/数据集/目标域数据集/L.mat,L,32000,,,,,,,,,,,,,,600,,,,,,,
L:L:00026,target,/Users/hanibote/Desktop/Modeling/数据集/目标域数据集/L.mat,L,32000,,,,,,,,,,,,,,600,,,,,,,
L:L:00027,target,/Users/hanibote/Desktop/Modeling/数据集/目标域数据集/L.mat,L,32000,,,,,,,,,,,,,,600,,,,,,,
L:L:00028,target,/Users/hanibote/Desktop/Modeling/数据集/目标域数据集/L.mat,L,32000,,,,,,,,,,,,,,600,,,,,,,
L:L:00029,target,/Users/hanibote/Desktop/Modeling/数据集/目标域数据集/L.mat,L,32000,,,,,,,,,,,,,,600,,,,,,,
L:L:00030,target,/Users/hanibote/Desktop/Modeling/数据集/目标域数据集/L.mat,L,32000,,,,,,,,,,,,,,600,,,,,,,
M:M:00000,target,/Users/hanibote/Desktop/Modeling/数据集/目标域数据集/M.mat,M,32000,,,,,,,,,,,,,,600,,,,,,,
M:M:00001,target,/Users/hanibote/Desktop/Modeling/数据集/目标域数据集/M.mat,M,32000,,,,,,,,,,,,,,600,,,,,,,
M:M:00002,target,/Users/hanibote/Desktop/Modeling/数据集/目标域数据集/M.mat,M,32000,,,,,,,,,,,,,,600,,,,,,,
M:M:00003,target,/Users/hanibote/Desktop/Modeling/数据集/目标域数据集/M.mat,M,32000,,,,,,,,,,,,,,600,,,,,,,
M:M:00004,target,/Users/hanibote/Desktop/Modeling/数据集/目标域数据集/M.mat,M,32000,,,,,,,,,,,,,,600,,,,,,,
M:M:00005,target,/Users/hanibote/Desktop/Modeling/数据集/目标域数据集/M.mat,M,32000,,,,,,,,,,,,,,600,,,,,,,
M:M:00006,target,/Users/hanibote/Desktop/Modeling/数据集/目标域数据集/M.mat,M,32000,,,,,,,,,,,,,,600,,,,,,,
M:M:00007,target,/Users/hanibote/Desktop/Modeling/数据集/目标域数据集/M.mat,M,32000,,,,,,,,,,,,,,600,,,,,,,
M:M:00008,target,/Users/hanibote/Desktop/Modeling/数据集/目标域数据集/M.mat,M,32000,,,,,,,,,,,,,,600,,,,,,,
M:M:00009,target,/Users/hanibote/Desktop/Modeling/数据集/目标域数据集/M.mat,M,32000,,,,,,,,,,,,,,600,,,,,,,
M:M:00010,target,/Users/hanibote/Desktop/Modeling/数据集/目标域数据集/M.mat,M,32000,,,,,,,,,,,,,,600,,,,,,,
M:M:00011,target,/Users/hanibote/Desktop/Modeling/数据集/目标域数据集/M.mat,M,32000,,,,,,,,,,,,,,600,,,,,,,
M:M:00012,target,/Users/hanibote/Desktop/Modeling/数据集/目标域数据集/M.mat,M,32000,,,,,,,,,,,,,,600,,,,,,,
M:M:00013,target,/Users/hanibote/Desktop/Modeling/数据集/目标域数据集/M.mat,M,32000,,,,,,,,,,,,,,600,,,,,,,
M:M:00014,target,/Users/hanibote/Desktop/Modeling/数据集/目标域数据集/M.mat,M,32000,,,,,,,,,,,,,,600,,,,,,,
M:M:00015,target,/Users/hanibote/Desktop/Modeling/数据集/目标域数据集/M.mat,M,32000,,,,,,,,,,,,,,600,,,,,,,
M:M:00016,target,/Users/hanibote/Desktop/Modeling/数据集/目标域数据集/M.mat,M,32000,,,,,,,,,,,,,,600,,,,,,,
M:M:00017,target,/Users/hanibote/Desktop/Modeling/数据集/目标域数据集/M.mat,M,32000,,,,,,,,,,,,,,600,,,,,,,
M:M:00018,target,/Users/hanibote/Desktop/Modeling/数据集/目标域数据集/M.mat,M,32000,,,,,,,,,,,,,,600,,,,,,,
M:M:00019,target,/Users/hanibote/Desktop/Modeling/数据集/目标域数据集/M.mat,M,32000,,,,,,,,,,,,,,600,,,,,,,
M:M:00020,target,/Users/hanibote/Desktop/Modeling/数据集/目标域数据集/M.mat,M,32000,,,,,,,,,,,,,,600,,,,,,,
M:M:00021,target,/Users/hanibote/Desktop/Modeling/数据集/目标域数据集/M.mat,M,32000,,,,,,,,,,,,,,600,,,,,,,
M:M:00022,target,/Users/hanibote/Desktop/Modeling/数据集/目标域数据集/M.mat,M,32000,,,,,,,,,,,,,,600,,,,,,,
M:M:00023,target,/Users/hanibote/Desktop/Modeling/数据集/目标域数据集/M.mat,M,32000,,,,,,,,,,,,,,600,,,,,,,
M:M:00024,target,/Users/hanibote/Desktop/Modeling/数据集/目标域数据集/M.mat,M,32000,,,,,,,,,,,,,,600,,,,,,,
M:M:00025,target,/Users/hanibote/Desktop/Modeling/数据集/目标域数据集/M.mat,M,32000,,,,,,,,,,,,,,600,,,,,,,
M:M:00026,target,/Users/hanibote/Desktop/Modeling/数据集/目标域数据集/M.mat,M,32000,,,,,,,,,,,,,,600,,,,,,,
M:M:00027,target,/Users/hanibote/Desktop/Modeling/数据集/目标域数据集/M.mat,M,32000,,,,,,,,,,,,,,600,,,,,,,
M:M:00028,target,/Users/hanibote/Desktop/Modeling/数据集/目标域数据集/M.mat,M,32000,,,,,,,,,,,,,,600,,,,,,,
M:M:00029,target,/Users/hanibote/Desktop/Modeling/数据集/目标域数据集/M.mat,M,32000,,,,,,,,,,,,,,600,,,,,,,
M:M:00030,target,/Users/hanibote/Desktop/Modeling/数据集/目标域数据集/M.mat,M,32000,,,,,,,,,,,,,,600,,,,,,,
N:N:00000,target,/Users/hanibote/Desktop/Modeling/数据集/目标域数据集/N.mat,N,32000,,,,,,,,,,,,,,600,,,,,,,
N:N:00001,target,/Users/hanibote/Desktop/Modeling/数据集/目标域数据集/N.mat,N,32000,,,,,,,,,,,,,,600,,,,,,,
N:N:00002,target,/Users/hanibote/Desktop/Modeling/数据集/目标域数据集/N.mat,N,32000,,,,,,,,,,,,,,600,,,,,,,
N:N:00003,target,/Users/hanibote/Desktop/Modeling/数据集/目标域数据集/N.mat,N,32000,,,,,,,,,,,,,,600,,,,,,,
N:N:00004,target,/Users/hanibote/Desktop/Modeling/数据集/目标域数据集/N.mat,N,32000,,,,,,,,,,,,,,600,,,,,,,
N:N:00005,target,/Users/hanibote/Desktop/Modeling/数据集/目标域数据集/N.mat,N,32000,,,,,,,,,,,,,,600,,,,,,,
N:N:00006,target,/Users/hanibote/Desktop/Modeling/数据集/目标域数据集/N.mat,N,32000,,,,,,,,,,,,,,600,,,,,,,
N:N:00007,target,/Users/hanibote/Desktop/Modeling/数据集/目标域数据集/N.mat,N,32000,,,,,,,,,,,,,,600,,,,,,,
N:N:00008,target,/Users/hanibote/Desktop/Modeling/数据集/目标域数据集/N.mat,N,32000,,,,,,,,,,,,,,600,,,,,,,
N:N:00009,target,/Users/hanibote/Desktop/Modeling/数据集/目标域数据集/N.mat,N,32000,,,,,,,,,,,,,,600,,,,,,,
N:N:00010,target,/Users/hanibote/Desktop/Modeling/数据集/目标域数据集/N.mat,N,32000,,,,,,,,,,,,,,600,,,,,,,
N:N:00011,target,/Users/hanibote/Desktop/Modeling/数据集/目标域数据集/N.mat,N,32000,,,,,,,,,,,,,,600,,,,,,,
N:N:00012,target,/Users/hanibote/Desktop/Modeling/数据集/目标域数据集/N.mat,N,32000,,,,,,,,,,,,,,600,,,,,,,
N:N:00013,target,/Users/hanibote/Desktop/Modeling/数据集/目标域数据集/N.mat,N,32000,,,,,,,,,,,,,,600,,,,,,,
N:N:00014,target,/Users/hanibote/Desktop/Modeling/数据集/目标域数据集/N.mat,N,32000,,,,,,,,,,,,,,600,,,,,,,
N:N:00015,target,/Users/hanibote/Desktop/Modeling/数据集/目标域数据集/N.mat,N,32000,,,,,,,,,,,,,,600,,,,,,,
N:N:00016,target,/Users/hanibote/Desktop/Modeling/数据集/目标域数据集/N.mat,N,32000,,,,,,,,,,,,,,600,,,,,,,
N:N:00017,target,/Users/hanibote/Desktop/Modeling/数据集/目标域数据集/N.mat,N,32000,,,,,,,,,,,,,,600,,,,,,,
N:N:00018,target,/Users/hanibote/Desktop/Modeling/数据集/目标域数据集/N.mat,N,32000,,,,,,,,,,,,,,600,,,,,,,
N:N:00019,target,/Users/hanibote/Desktop/Modeling/数据集/目标域数据集/N.mat,N,32000,,,,,,,,,,,,,,600,,,,,,,
N:N:00020,target,/Users/hanibote/Desktop/Modeling/数据集/目标域数据集/N.mat,N,32000,,,,,,,,,,,,,,600,,,,,,,
N:N:00021,target,/Users/hanibote/Desktop/Modeling/数据集/目标域数据集/N.mat,N,32000,,,,,,,,,,,,,,600,,,,,,,
N:N:00022,target,/Users/hanibote/Desktop/Modeling/数据集/目标域数据集/N.mat,N,32000,,,,,,,,,,,,,,600,,,,,,,
N:N:00023,target,/Users/hanibote/Desktop/Modeling/数据集/目标域数据集/N.mat,N,32000,,,,,,,,,,,,,,600,,,,,,,
N:N:00024,target,/Users/hanibote/Desktop/Modeling/数据集/目标域数据集/N.mat,N,32000,,,,,,,,,,,,,,600,,,,,,,
N:N:00025,target,/Users/hanibote/Desktop/Modeling/数据集/目标域数据集/N.mat,N,32000,,,,,,,,,,,,,,600,,,,,,,
N:N:00026,target,/Users/hanibote/Desktop/Modeling/数据集/目标域数据集/N.mat,N,32000,,,,,,,,,,,,,,600,,,,,,,
N:N:00027,target,/Users/hanibote/Desktop/Modeling/数据集/目标域数据集/N.mat,N,32000,,,,,,,,,,,,,,600,,,,,,,
N:N:00028,target,/Users/hanibote/Desktop/Modeling/数据集/目标域数据集/N.mat,N,32000,,,,,,,,,,,,,,600,,,,,,,
N:N:00029,target,/Users/hanibote/Desktop/Modeling/数据集/目标域数据集/N.mat,N,32000,,,,,,,,,,,,,,600,,,,,,,
N:N:00030,target,/Users/hanibote/Desktop/Modeling/数据集/目标域数据集/N.mat,N,32000,,,,,,,,,,,,,,600,,,,,,,
O:O:00000,target,/Users/hanibote/Desktop/Modeling/数据集/目标域数据集/O.mat,O,32000,,,,,,,,,,,,,,600,,,,,,,
O:O:00001,target,/Users/hanibote/Desktop/Modeling/数据集/目标域数据集/O.mat,O,32000,,,,,,,,,,,,,,600,,,,,,,
O:O:00002,target,/Users/hanibote/Desktop/Modeling/数据集/目标域数据集/O.mat,O,32000,,,,,,,,,,,,,,600,,,,,,,
O:O:00003,target,/Users/hanibote/Desktop/Modeling/数据集/目标域数据集/O.mat,O,32000,,,,,,,,,,,,,,600,,,,,,,
O:O:00004,target,/Users/hanibote/Desktop/Modeling/数据集/目标域数据集/O.mat,O,32000,,,,,,,,,,,,,,600,,,,,,,
O:O:00005,target,/Users/hanibote/Desktop/Modeling/数据集/目标域数据集/O.mat,O,32000,,,,,,,,,,,,,,600,,,,,,,
O:O:00006,target,/Users/hanibote/Desktop/Modeling/数据集/目标域数据集/O.mat,O,32000,,,,,,,,,,,,,,600,,,,,,,
O:O:00007,target,/Users/hanibote/Desktop/Modeling/数据集/目标域数据集/O.mat,O,32000,,,,,,,,,,,,,,600,,,,,,,
O:O:00008,target,/Users/hanibote/Desktop/Modeling/数据集/目标域数据集/O.mat,O,32000,,,,,,,,,,,,,,600,,,,,,,
O:O:00009,target,/Users/hanibote/Desktop/Modeling/数据集/目标域数据集/O.mat,O,32000,,,,,,,,,,,,,,600,,,,,,,
O:O:00010,target,/Users/hanibote/Desktop/Modeling/数据集/目标域数据集/O.mat,O,32000,,,,,,,,,,,,,,600,,,,,,,
O:O:00011,target,/Users/hanibote/Desktop/Modeling/数据集/目标域数据集/O.mat,O,32000,,,,,,,,,,,,,,600,,,,,,,
O:O:00012,target,/Users/hanibote/Desktop/Modeling/数据集/目标域数据集/O.mat,O,32000,,,,,,,,,,,,,,600,,,,,,,
O:O:00013,target,/Users/hanibote/Desktop/Modeling/数据集/目标域数据集/O.mat,O,32000,,,,,,,,,,,,,,600,,,,,,,
O:O:00014,target,/Users/hanibote/Desktop/Modeling/数据集/目标域数据集/O.mat,O,32000,,,,,,,,,,,,,,600,,,,,,,
O:O:00015,target,/Users/hanibote/Desktop/Modeling/数据集/目标域数据集/O.mat,O,32000,,,,,,,,,,,,,,600,,,,,,,
O:O:00016,target,/Users/hanibote/Desktop/Modeling/数据集/目标域数据集/O.mat,O,32000,,,,,,,,,,,,,,600,,,,,,,
O:O:00017,target,/Users/hanibote/Desktop/Modeling/数据集/目标域数据集/O.mat,O,32000,,,,,,,,,,,,,,600,,,,,,,
O:O:00018,target,/Users/hanibote/Desktop/Modeling/数据集/目标域数据集/O.mat,O,32000,,,,,,,,,,,,,,600,,,,,,,
O:O:00019,target,/Users/hanibote/Desktop/Modeling/数据集/目标域数据集/O.mat,O,32000,,,,,,,,,,,,,,600,,,,,,,
O:O:00020,target,/Users/hanibote/Desktop/Modeling/数据集/目标域数据集/O.mat,O,32000,,,,,,,,,,,,,,600,,,,,,,
O:O:00021,target,/Users/hanibote/Desktop/Modeling/数据集/目标域数据集/O.mat,O,32000,,,,,,,,,,,,,,600,,,,,,,
O:O:00022,target,/Users/hanibote/Desktop/Modeling/数据集/目标域数据集/O.mat,O,32000,,,,,,,,,,,,,,600,,,,,,,
O:O:00023,target,/Users/hanibote/Desktop/Modeling/数据集/目标域数据集/O.mat,O,32000,,,,,,,,,,,,,,600,,,,,,,
O:O:00024,target,/Users/hanibote/Desktop/Modeling/数据集/目标域数据集/O.mat,O,32000,,,,,,,,,,,,,,600,,,,,,,
O:O:00025,target,/Users/hanibote/Desktop/Modeling/数据集/目标域数据集/O.mat,O,32000,,,,,,,,,,,,,,600,,,,,,,
O:O:00026,target,/Users/hanibote/Desktop/Modeling/数据集/目标域数据集/O.mat,O,32000,,,,,,,,,,,,,,600,,,,,,,
O:O:00027,target,/Users/hanibote/Desktop/Modeling/数据集/目标域数据集/O.mat,O,32000,,,,,,,,,,,,,,600,,,,,,,
O:O:00028,target,/Users/hanibote/Desktop/Modeling/数据集/目标域数据集/O.mat,O,32000,,,,,,,,,,,,,,600,,,,,,,
O:O:00029,target,/Users/hanibote/Desktop/Modeling/数据集/目标域数据集/O.mat,O,32000,,,,,,,,,,,,,,600,,,,,,,
O:O:00030,target,/Users/hanibote/Desktop/Modeling/数据集/目标域数据集/O.mat,O,32000,,,,,,,,,,,,,,600,,,,,,,
P:P:00000,target,/Users/hanibote/Desktop/Modeling/数据集/目标域数据集/P.mat,P,32000,,,,,,,,,,,,,,600,,,,,,,
P:P:00001,target,/Users/hanibote/Desktop/Modeling/数据集/目标域数据集/P.mat,P,32000,,,,,,,,,,,,,,600,,,,,,,
P:P:00002,target,/Users/hanibote/Desktop/Modeling/数据集/目标域数据集/P.mat,P,32000,,,,,,,,,,,,,,600,,,,,,,
P:P:00003,target,/Users/hanibote/Desktop/Modeling/数据集/目标域数据集/P.mat,P,32000,,,,,,,,,,,,,,600,,,,,,,
P:P:00004,target,/Users/hanibote/Desktop/Modeling/数据集/目标域数据集/P.mat,P,32000,,,,,,,,,,,,,,600,,,,,,,
P:P:00005,target,/Users/hanibote/Desktop/Modeling/数据集/目标域数据集/P.mat,P,32000,,,,,,,,,,,,,,600,,,,,,,
P:P:00006,target,/Users/hanibote/Desktop/Modeling/数据集/目标域数据集/P.mat,P,32000,,,,,,,,,,,,,,600,,,,,,,
P:P:00007,target,/Users/hanibote/Desktop/Modeling/数据集/目标域数据集/P.mat,P,32000,,,,,,,,,,,,,,600,,,,,,,
P:P:00008,target,/Users/hanibote/Desktop/Modeling/数据集/目标域数据集/P.mat,P,32000,,,,,,,,,,,,,,600,,,,,,,
P:P:00009,target,/Users/hanibote/Desktop/Modeling/数据集/目标域数据集/P.mat,P,32000,,,,,,,,,,,,,,600,,,,,,,
P:P:00010,target,/Users/hanibote/Desktop/Modeling/数据集/目标域数据集/P.mat,P,32000,,,,,,,,,,,,,,600,,,,,,,
P:P:00011,target,/Users/hanibote/Desktop/Modeling/数据集/目标域数据集/P.mat,P,32000,,,,,,,,,,,,,,600,,,,,,,
P:P:00012,target,/Users/hanibote/Desktop/Modeling/数据集/目标域数据集/P.mat,P,32000,,,,,,,,,,,,,,600,,,,,,,
P:P:00013,target,/Users/hanibote/Desktop/Modeling/数据集/目标域数据集/P.mat,P,32000,,,,,,,,,,,,,,600,,,,,,,
P:P:00014,target,/Users/hanibote/Desktop/Modeling/数据集/目标域数据集/P.mat,P,32000,,,,,,,,,,,,,,600,,,,,,,
P:P:00015,target,/Users/hanibote/Desktop/Modeling/数据集/目标域数据集/P.mat,P,32000,,,,,,,,,,,,,,600,,,,,,,
P:P:00016,target,/Users/hanibote/Desktop/Modeling/数据集/目标域数据集/P.mat,P,32000,,,,,,,,,,,,,,600,,,,,,,
P:P:00017,target,/Users/hanibote/Desktop/Modeling/数据集/目标域数据集/P.mat,P,32000,,,,,,,,,,,,,,600,,,,,,,
P:P:00018,target,/Users/hanibote/Desktop/Modeling/数据集/目标域数据集/P.mat,P,32000,,,,,,,,,,,,,,600,,,,,,,
P:P:00019,target,/Users/hanibote/Desktop/Modeling/数据集/目标域数据集/P.mat,P,32000,,,,,,,,,,,,,,600,,,,,,,
P:P:00020,target,/Users/hanibote/Desktop/Modeling/数据集/目标域数据集/P.mat,P,32000,,,,,,,,,,,,,,600,,,,,,,
P:P:00021,target,/Users/hanibote/Desktop/Modeling/数据集/目标域数据集/P.mat,P,32000,,,,,,,,,,,,,,600,,,,,,,
P:P:00022,target,/Users/hanibote/Desktop/Modeling/数据集/目标域数据集/P.mat,P,32000,,,,,,,,,,,,,,600,,,,,,,
P:P:00023,target,/Users/hanibote/Desktop/Modeling/数据集/目标域数据集/P.mat,P,32000,,,,,,,,,,,,,,600,,,,,,,
P:P:00024,target,/Users/hanibote/Desktop/Modeling/数据集/目标域数据集/P.mat,P,32000,,,,,,,,,,,,,,600,,,,,,,
P:P:00025,target,/Users/hanibote/Desktop/Modeling/数据集/目标域数据集/P.mat,P,32000,,,,,,,,,,,,,,600,,,,,,,
P:P:00026,target,/Users/hanibote/Desktop/Modeling/数据集/目标域数据集/P.mat,P,32000,,,,,,,,,,,,,,600,,,,,,,
P:P:00027,target,/Users/hanibote/Desktop/Modeling/数据集/目标域数据集/P.mat,P,32000,,,,,,,,,,,,,,600,,,,,,,
P:P:00028,target,/Users/hanibote/Desktop/Modeling/数据集/目标域数据集/P.mat,P,32000,,,,,,,,,,,,,,600,,,,,,,
P:P:00029,target,/Users/hanibote/Desktop/Modeling/数据集/目标域数据集/P.mat,P,32000,,,,,,,,,,,,,,600,,,,,,,
P:P:00030,target,/Users/hanibote/Desktop/Modeling/数据集/目标域数据集/P.mat,P,32000,,,,,,,,,,,,,,600,,,,,,,
