uid,group_id,domain,file_path,var_name,label,fault_size_in,load_hp,sensor,bearing_type,outer_loc,rpm,rpm_source,fs_raw,fs,segment_len_s,hop_s,idx_in_file,note
A:A:00000,A,target,/Users/hanibote/Desktop/Modeling/数据集/目标域数据集/A.mat,A,,,,,,,600,var,32000,32000,0.5,0.25,0,
A:A:00001,A,target,/Users/hanibote/Desktop/Modeling/数据集/目标域数据集/A.mat,A,,,,,,,600,var,32000,32000,0.5,0.25,1,
A:A:00002,A,target,/Users/hanibote/Desktop/Modeling/数据集/目标域数据集/A.mat,A,,,,,,,600,var,32000,32000,0.5,0.25,2,
A:A:00003,A,target,/Users/hanibote/Desktop/Modeling/数据集/目标域数据集/A.mat,A,,,,,,,600,var,32000,32000,0.5,0.25,3,
A:A:00004,A,target,/Users/hanibote/Desktop/Modeling/数据集/目标域数据集/A.mat,A,,,,,,,600,var,32000,32000,0.5,0.25,4,
A:A:00005,A,target,/Users/hanibote/Desktop/Modeling/数据集/目标域数据集/A.mat,A,,,,,,,600,var,32000,32000,0.5,0.25,5,
A:A:00006,A,target,/Users/hanibote/Desktop/Modeling/数据集/目标域数据集/A.mat,A,,,,,,,600,var,32000,32000,0.5,0.25,6,
A:A:00007,A,target,/Users/hanibote/Desktop/Modeling/数据集/目标域数据集/A.mat,A,,,,,,,600,var,32000,32000,0.5,0.25,7,
A:A:00008,A,target,/Users/hanibote/Desktop/Modeling/数据集/目标域数据集/A.mat,A,,,,,,,600,var,32000,32000,0.5,0.25,8,
A:A:00009,A,target,/Users/hanibote/Desktop/Modeling/数据集/目标域数据集/A.mat,A,,,,,,,600,var,32000,32000,0.5,0.25,9,
A:A:00010,A,target,/Users/hanibote/Desktop/Modeling/数据集/目标域数据集/A.mat,A,,,,,,,600,var,32000,32000,0.5,0.25,10,
A:A:00011,A,target,/Users/hanibote/Desktop/Modeling/数据集/目标域数据集/A.mat,A,,,,,,,600,var,32000,32000,0.5,0.25,11,
A:A:00012,A,target,/Users/hanibote/Desktop/Modeling/数据集/目标域数据集/A.mat,A,,,,,,,600,var,32000,32000,0.5,0.25,12,
A:A:00013,A,target,/Users/hanibote/Desktop/Modeling/数据集/目标域数据集/A.mat,A,,,,,,,600,var,32000,32000,0.5,0.25,13,
A:A:00014,A,target,/Users/hanibote/Desktop/Modeling/数据集/目标域数据集/A.mat,A,,,,,,,600,var,32000,32000,0.5,0.25,14,
A:A:00015,A,target,/Users/hanibote/Desktop/Modeling/数据集/目标域数据集/A.mat,A,,,,,,,600,var,32000,32000,0.5,0.25,15,
A:A:00016,A,target,/Users/hanibote/Desktop/Modeling/数据集/目标域数据集/A.mat,A,,,,,,,600,var,32000,32000,0.5,0.25,16,
A:A:00017,A,target,/Users/hanibote/Desktop/Modeling/数据集/目标域数据集/A.mat,A,,,,,,,600,var,32000,32000,0.5,0.25,17,
A:A:00018,A,target,/Users/hanibote/Desktop/Modeling/数据集/目标域数据集/A.mat,A,,,,,,,600,var,32000,32000,0.5,0.25,18,
A:A:00019,A,target,/Users/hanibote/Desktop/Modeling/数据集/目标域数据集/A.mat,A,,,,,,,600,var,32000,32000,0.5,0.25,19,
A:A:00020,A,target,/Users/hanibote/Desktop/Modeling/数据集/目标域数据集/A.mat,A,,,,,,,600,var,32000,32000,0.5,0.25,20,
A:A:00021,A,target,/Users/hanibote/Desktop/Modeling/数据集/目标域数据集/A.mat,A,,,,,,,600,var,32000,32000,0.5,0.25,21,
A:A:00022,A,target,/Users/hanibote/Desktop/Modeling/数据集/目标域数据集/A.mat,A,,,,,,,600,var,32000,32000,0.5,0.25,22,
A:A:00023,A,target,/Users/hanibote/Desktop/Modeling/数据集/目标域数据集/A.mat,A,,,,,,,600,var,32000,32000,0.5,0.25,23,
A:A:00024,A,target,/Users/hanibote/Desktop/Modeling/数据集/目标域数据集/A.mat,A,,,,,,,600,var,32000,32000,0.5,0.25,24,
A:A:00025,A,target,/Users/hanibote/Desktop/Modeling/数据集/目标域数据集/A.mat,A,,,,,,,600,var,32000,32000,0.5,0.25,25,
A:A:00026,A,target,/Users/hanibote/Desktop/Modeling/数据集/目标域数据集/A.mat,A,,,,,,,600,var,32000,32000,0.5,0.25,26,
A:A:00027,A,target,/Users/hanibote/Desktop/Modeling/数据集/目标域数据集/A.mat,A,,,,,,,600,var,32000,32000,0.5,0.25,27,
A:A:00028,A,target,/Users/hanibote/Desktop/Modeling/数据集/目标域数据集/A.mat,A,,,,,,,600,var,32000,32000,0.5,0.25,28,
A:A:00029,A,target,/Users/hanibote/Desktop/Modeling/数据集/目标域数据集/A.mat,A,,,,,,,600,var,32000,32000,0.5,0.25,29,
A:A:00030,A,target,/Users/hanibote/Desktop/Modeling/数据集/目标域数据集/A.mat,A,,,,,,,600,var,32000,32000,0.5,0.25,30,
B:B:00000,B,target,/Users/hanibote/Desktop/Modeling/数据集/目标域数据集/B.mat,B,,,,,,,600,var,32000,32000,0.5,0.25,0,
B:B:00001,B,target,/Users/hanibote/Desktop/Modeling/数据集/目标域数据集/B.mat,B,,,,,,,600,var,32000,32000,0.5,0.25,1,
B:B:00002,B,target,/Users/hanibote/Desktop/Modeling/数据集/目标域数据集/B.mat,B,,,,,,,600,var,32000,32000,0.5,0.25,2,
B:B:00003,B,target,/Users/hanibote/Desktop/Modeling/数据集/目标域数据集/B.mat,B,,,,,,,600,var,32000,32000,0.5,0.25,3,
B:B:00004,B,target,/Users/hanibote/Desktop/Modeling/数据集/目标域数据集/B.mat,B,,,,,,,600,var,32000,32000,0.5,0.25,4,
B:B:00005,B,target,/Users/hanibote/Desktop/Modeling/数据集/目标域数据集/B.mat,B,,,,,,,600,var,32000,32000,0.5,0.25,5,
B:B:00006,B,target,/Users/hanibote/Desktop/Modeling/数据集/目标域数据集/B.mat,B,,,,,,,600,var,32000,32000,0.5,0.25,6,
B:B:00007,B,target,/Users/hanibote/Desktop/Modeling/数据集/目标域数据集/B.mat,B,,,,,,,600,var,32000,32000,0.5,0.25,7,
B:B:00008,B,target,/Users/hanibote/Desktop/Modeling/数据集/目标域数据集/B.mat,B,,,,,,,600,var,32000,32000,0.5,0.25,8,
B:B:00009,B,target,/Users/hanibote/Desktop/Modeling/数据集/目标域数据集/B.mat,B,,,,,,,600,var,32000,32000,0.5,0.25,9,
B:B:00010,B,target,/Users/hanibote/Desktop/Modeling/数据集/目标域数据集/B.mat,B,,,,,,,600,var,32000,32000,0.5,0.25,10,
B:B:00011,B,target,/Users/hanibote/Desktop/Modeling/数据集/目标域数据集/B.mat,B,,,,,,,600,var,32000,32000,0.5,0.25,11,
B:B:00012,B,target,/Users/hanibote/Desktop/Modeling/数据集/目标域数据集/B.mat,B,,,,,,,600,var,32000,32000,0.5,0.25,12,
B:B:00013,B,target,/Users/hanibote/Desktop/Modeling/数据集/目标域数据集/B.mat,B,,,,,,,600,var,32000,32000,0.5,0.25,13,
B:B:00014,B,target,/Users/hanibote/Desktop/Modeling/数据集/目标域数据集/B.mat,B,,,,,,,600,var,32000,32000,0.5,0.25,14,
B:B:00015,B,target,/Users/hanibote/Desktop/Modeling/数据集/目标域数据集/B.mat,B,,,,,,,600,var,32000,32000,0.5,0.25,15,
B:B:00016,B,target,/Users/hanibote/Desktop/Modeling/数据集/目标域数据集/B.mat,B,,,,,,,600,var,32000,32000,0.5,0.25,16,
B:B:00017,B,target,/Users/hanibote/Desktop/Modeling/数据集/目标域数据集/B.mat,B,,,,,,,600,var,32000,32000,0.5,0.25,17,
B:B:00018,B,target,/Users/hanibote/Desktop/Modeling/数据集/目标域数据集/B.mat,B,,,,,,,600,var,32000,32000,0.5,0.25,18,
B:B:00019,B,target,/Users/hanibote/Desktop/Modeling/数据集/目标域数据集/B.mat,B,,,,,,,600,var,32000,32000,0.5,0.25,19,
B:B:00020,B,target,/Users/hanibote/Desktop/Modeling/数据集/目标域数据集/B.mat,B,,,,,,,600,var,32000,32000,0.5,0.25,20,
B:B:00021,B,target,/Users/hanibote/Desktop/Modeling/数据集/目标域数据集/B.mat,B,,,,,,,600,var,32000,32000,0.5,0.25,21,
B:B:00022,B,target,/Users/hanibote/Desktop/Modeling/数据集/目标域数据集/B.mat,B,,,,,,,600,var,32000,32000,0.5,0.25,22,
B:B:00023,B,target,/Users/hanibote/Desktop/Modeling/数据集/目标域数据集/B.mat,B,,,,,,,600,var,32000,32000,0.5,0.25,23,
B:B:00024,B,target,/Users/hanibote/Desktop/Modeling/数据集/目标域数据集/B.mat,B,,,,,,,600,var,32000,32000,0.5,0.25,24,
B:B:00025,B,target,/Users/hanibote/Desktop/Modeling/数据集/目标域数据集/B.mat,B,,,,,,,600,var,32000,32000,0.5,0.25,25,
B:B:00026,B,target,/Users/hanibote/Desktop/Modeling/数据集/目标域数据集/B.mat,B,,,,,,,600,var,32000,32000,0.5,0.25,26,
B:B:00027,B,target,/Users/hanibote/Desktop/Modeling/数据集/目标域数据集/B.mat,B,,,,,,,600,var,32000,32000,0.5,0.25,27,
B:B:00028,B,target,/Users/hanibote/Desktop/Modeling/数据集/目标域数据集/B.mat,B,,,,,,,600,var,32000,32000,0.5,0.25,28,
B:B:00029,B,target,/Users/hanibote/Desktop/Modeling/数据集/目标域数据集/B.mat,B,,,,,,,600,var,32000,32000,0.5,0.25,29,
B:B:00030,B,target,/Users/hanibote/Desktop/Modeling/数据集/目标域数据集/B.mat,B,,,,,,,600,var,32000,32000,0.5,0.25,30,
C:C:00000,C,target,/Users/hanibote/Desktop/Modeling/数据集/目标域数据集/C.mat,C,,,,,,,600,var,32000,32000,0.5,0.25,0,
C:C:00001,C,target,/Users/hanibote/Desktop/Modeling/数据集/目标域数据集/C.mat,C,,,,,,,600,var,32000,32000,0.5,0.25,1,
C:C:00002,C,target,/Users/hanibote/Desktop/Modeling/数据集/目标域数据集/C.mat,C,,,,,,,600,var,32000,32000,0.5,0.25,2,
C:C:00003,C,target,/Users/hanibote/Desktop/Modeling/数据集/目标域数据集/C.mat,C,,,,,,,600,var,32000,32000,0.5,0.25,3,
C:C:00004,C,target,/Users/hanibote/Desktop/Modeling/数据集/目标域数据集/C.mat,C,,,,,,,600,var,32000,32000,0.5,0.25,4,
C:C:00005,C,target,/Users/hanibote/Desktop/Modeling/数据集/目标域数据集/C.mat,C,,,,,,,600,var,32000,32000,0.5,0.25,5,
C:C:00006,C,target,/Users/hanibote/Desktop/Modeling/数据集/目标域数据集/C.mat,C,,,,,,,600,var,32000,32000,0.5,0.25,6,
C:C:00007,C,target,/Users/hanibote/Desktop/Modeling/数据集/目标域数据集/C.mat,C,,,,,,,600,var,32000,32000,0.5,0.25,7,
C:C:00008,C,target,/Users/hanibote/Desktop/Modeling/数据集/目标域数据集/C.mat,C,,,,,,,600,var,32000,32000,0.5,0.25,8,
C:C:00009,C,target,/Users/hanibote/Desktop/Modeling/数据集/目标域数据集/C.mat,C,,,,,,,600,var,32000,32000,0.5,0.25,9,
C:C:00010,C,target,/Users/hanibote/Desktop/Modeling/数据集/目标域数据集/C.mat,C,,,,,,,600,var,32000,32000,0.5,0.25,10,
C:C:00011,C,target,/Users/hanibote/Desktop/Modeling/数据集/目标域数据集/C.mat,C,,,,,,,600,var,32000,32000,0.5,0.25,11,
C:C:00012,C,target,/Users/hanibote/Desktop/Modeling/数据集/目标域数据集/C.mat,C,,,,,,,600,var,32000,32000,0.5,0.25,12,
C:C:00013,C,target,/Users/hanibote/Desktop/Modeling/数据集/目标域数据集/C.mat,C,,,,,,,600,var,32000,32000,0.5,0.25,13,
C:C:00014,C,target,/Users/hanibote/Desktop/Modeling/数据集/目标域数据集/C.mat,C,,,,,,,600,var,32000,32000,0.5,0.25,14,
C:C:00015,C,target,/Users/hanibote/Desktop/Modeling/数据集/目标域数据集/C.mat,C,,,,,,,600,var,32000,32000,0.5,0.25,15,
C:C:00016,C,target,/Users/hanibote/Desktop/Modeling/数据集/目标域数据集/C.mat,C,,,,,,,600,var,32000,32000,0.5,0.25,16,
C:C:00017,C,target,/Users/hanibote/Desktop/Modeling/数据集/目标域数据集/C.mat,C,,,,,,,600,var,32000,32000,0.5,0.25,17,
C:C:00018,C,target,/Users/hanibote/Desktop/Modeling/数据集/目标域数据集/C.mat,C,,,,,,,600,var,32000,32000,0.5,0.25,18,
C:C:00019,C,target,/Users/hanibote/Desktop/Modeling/数据集/目标域数据集/C.mat,C,,,,,,,600,var,32000,32000,0.5,0.25,19,
C:C:00020,C,target,/Users/hanibote/Desktop/Modeling/数据集/目标域数据集/C.mat,C,,,,,,,600,var,32000,32000,0.5,0.25,20,
C:C:00021,C,target,/Users/hanibote/Desktop/Modeling/数据集/目标域数据集/C.mat,C,,,,,,,600,var,32000,32000,0.5,0.25,21,
C:C:00022,C,target,/Users/hanibote/Desktop/Modeling/数据集/目标域数据集/C.mat,C,,,,,,,600,var,32000,32000,0.5,0.25,22,
C:C:00023,C,target,/Users/hanibote/Desktop/Modeling/数据集/目标域数据集/C.mat,C,,,,,,,600,var,32000,32000,0.5,0.25,23,
C:C:00024,C,target,/Users/hanibote/Desktop/Modeling/数据集/目标域数据集/C.mat,C,,,,,,,600,var,32000,32000,0.5,0.25,24,
C:C:00025,C,target,/Users/hanibote/Desktop/Modeling/数据集/目标域数据集/C.mat,C,,,,,,,600,var,32000,32000,0.5,0.25,25,
C:C:00026,C,target,/Users/hanibote/Desktop/Modeling/数据集/目标域数据集/C.mat,C,,,,,,,600,var,32000,32000,0.5,0.25,26,
C:C:00027,C,target,/Users/hanibote/Desktop/Modeling/数据集/目标域数据集/C.mat,C,,,,,,,600,var,32000,32000,0.5,0.25,27,
C:C:00028,C,target,/Users/hanibote/Desktop/Modeling/数据集/目标域数据集/C.mat,C,,,,,,,600,var,32000,32000,0.5,0.25,28,
C:C:00029,C,target,/Users/hanibote/Desktop/Modeling/数据集/目标域数据集/C.mat,C,,,,,,,600,var,32000,32000,0.5,0.25,29,
C:C:00030,C,target,/Users/hanibote/Desktop/Modeling/数据集/目标域数据集/C.mat,C,,,,,,,600,var,32000,32000,0.5,0.25,30,
D:D:00000,D,target,/Users/hanibote/Desktop/Modeling/数据集/目标域数据集/D.mat,D,,,,,,,600,var,32000,32000,0.5,0.25,0,
D:D:00001,D,target,/Users/hanibote/Desktop/Modeling/数据集/目标域数据集/D.mat,D,,,,,,,600,var,32000,32000,0.5,0.25,1,
D:D:00002,D,target,/Users/hanibote/Desktop/Modeling/数据集/目标域数据集/D.mat,D,,,,,,,600,var,32000,32000,0.5,0.25,2,
D:D:00003,D,target,/Users/hanibote/Desktop/Modeling/数据集/目标域数据集/D.mat,D,,,,,,,600,var,32000,32000,0.5,0.25,3,
D:D:00004,D,target,/Users/hanibote/Desktop/Modeling/数据集/目标域数据集/D.mat,D,,,,,,,600,var,32000,32000,0.5,0.25,4,
D:D:00005,D,target,/Users/hanibote/Desktop/Modeling/数据集/目标域数据集/D.mat,D,,,,,,,600,var,32000,32000,0.5,0.25,5,
D:D:00006,D,target,/Users/hanibote/Desktop/Modeling/数据集/目标域数据集/D.mat,D,,,,,,,600,var,32000,32000,0.5,0.25,6,
D:D:00007,D,target,/Users/hanibote/Desktop/Modeling/数据集/目标域数据集/D.mat,D,,,,,,,600,var,32000,32000,0.5,0.25,7,
D:D:00008,D,target,/Users/hanibote/Desktop/Modeling/数据集/目标域数据集/D.mat,D,,,,,,,600,var,32000,32000,0.5,0.25,8,
D:D:00009,D,target,/Users/hanibote/Desktop/Modeling/数据集/目标域数据集/D.mat,D,,,,,,,600,var,32000,32000,0.5,0.25,9,
D:D:00010,D,target,/Users/hanibote/Desktop/Modeling/数据集/目标域数据集/D.mat,D,,,,,,,600,var,32000,32000,0.5,0.25,10,
D:D:00011,D,target,/Users/hanibote/Desktop/Modeling/数据集/目标域数据集/D.mat,D,,,,,,,600,var,32000,32000,0.5,0.25,11,
D:D:00012,D,target,/Users/hanibote/Desktop/Modeling/数据集/目标域数据集/D.mat,D,,,,,,,600,var,32000,32000,0.5,0.25,12,
D:D:00013,D,target,/Users/hanibote/Desktop/Modeling/数据集/目标域数据集/D.mat,D,,,,,,,600,var,32000,32000,0.5,0.25,13,
D:D:00014,D,target,/Users/hanibote/Desktop/Modeling/数据集/目标域数据集/D.mat,D,,,,,,,600,var,32000,32000,0.5,0.25,14,
D:D:00015,D,target,/Users/hanibote/Desktop/Modeling/数据集/目标域数据集/D.mat,D,,,,,,,600,var,32000,32000,0.5,0.25,15,
D:D:00016,D,target,/Users/hanibote/Desktop/Modeling/数据集/目标域数据集/D.mat,D,,,,,,,600,var,32000,32000,0.5,0.25,16,
D:D:00017,D,target,/Users/hanibote/Desktop/Modeling/数据集/目标域数据集/D.mat,D,,,,,,,600,var,32000,32000,0.5,0.25,17,
D:D:00018,D,target,/Users/hanibote/Desktop/Modeling/数据集/目标域数据集/D.mat,D,,,,,,,600,var,32000,32000,0.5,0.25,18,
D:D:00019,D,target,/Users/hanibote/Desktop/Modeling/数据集/目标域数据集/D.mat,D,,,,,,,600,var,32000,32000,0.5,0.25,19,
D:D:00020,D,target,/Users/hanibote/Desktop/Modeling/数据集/目标域数据集/D.mat,D,,,,,,,600,var,32000,32000,0.5,0.25,20,
D:D:00021,D,target,/Users/hanibote/Desktop/Modeling/数据集/目标域数据集/D.mat,D,,,,,,,600,var,32000,32000,0.5,0.25,21,
D:D:00022,D,target,/Users/hanibote/Desktop/Modeling/数据集/目标域数据集/D.mat,D,,,,,,,600,var,32000,32000,0.5,0.25,22,
D:D:00023,D,target,/Users/hanibote/Desktop/Modeling/数据集/目标域数据集/D.mat,D,,,,,,,600,var,32000,32000,0.5,0.25,23,
D:D:00024,D,target,/Users/hanibote/Desktop/Modeling/数据集/目标域数据集/D.mat,D,,,,,,,600,var,32000,32000,0.5,0.25,24,
D:D:00025,D,target,/Users/hanibote/Desktop/Modeling/数据集/目标域数据集/D.mat,D,,,,,,,600,var,32000,32000,0.5,0.25,25,
D:D:00026,D,target,/Users/hanibote/Desktop/Modeling/数据集/目标域数据集/D.mat,D,,,,,,,600,var,32000,32000,0.5,0.25,26,
D:D:00027,D,target,/Users/hanibote/Desktop/Modeling/数据集/目标域数据集/D.mat,D,,,,,,,600,var,32000,32000,0.5,0.25,27,
D:D:00028,D,target,/Users/hanibote/Desktop/Modeling/数据集/目标域数据集/D.mat,D,,,,,,,600,var,32000,32000,0.5,0.25,28,
D:D:00029,D,target,/Users/hanibote/Desktop/Modeling/数据集/目标域数据集/D.mat,D,,,,,,,600,var,32000,32000,0.5,0.25,29,
D:D:00030,D,target,/Users/hanibote/Desktop/Modeling/数据集/目标域数据集/D.mat,D,,,,,,,600,var,32000,32000,0.5,0.25,30,
E:E:00000,E,target,/Users/hanibote/Desktop/Modeling/数据集/目标域数据集/E.mat,E,,,,,,,600,var,32000,32000,0.5,0.25,0,
E:E:00001,E,target,/Users/hanibote/Desktop/Modeling/数据集/目标域数据集/E.mat,E,,,,,,,600,var,32000,32000,0.5,0.25,1,
E:E:00002,E,target,/Users/hanibote/Desktop/Modeling/数据集/目标域数据集/E.mat,E,,,,,,,600,var,32000,32000,0.5,0.25,2,
E:E:00003,E,target,/Users/hanibote/Desktop/Modeling/数据集/目标域数据集/E.mat,E,,,,,,,600,var,32000,32000,0.5,0.25,3,
E:E:00004,E,target,/Users/hanibote/Desktop/Modeling/数据集/目标域数据集/E.mat,E,,,,,,,600,var,32000,32000,0.5,0.25,4,
E:E:00005,E,target,/Users/hanibote/Desktop/Modeling/数据集/目标域数据集/E.mat,E,,,,,,,600,var,32000,32000,0.5,0.25,5,
E:E:00006,E,target,/Users/hanibote/Desktop/Modeling/数据集/目标域数据集/E.mat,E,,,,,,,600,var,32000,32000,0.5,0.25,6,
E:E:00007,E,target,/Users/hanibote/Desktop/Modeling/数据集/目标域数据集/E.mat,E,,,,,,,600,var,32000,32000,0.5,0.25,7,
E:E:00008,E,target,/Users/hanibote/Desktop/Modeling/数据集/目标域数据集/E.mat,E,,,,,,,600,var,32000,32000,0.5,0.25,8,
E:E:00009,E,target,/Users/hanibote/Desktop/Modeling/数据集/目标域数据集/E.mat,E,,,,,,,600,var,32000,32000,0.5,0.25,9,
E:E:00010,E,target,/Users/hanibote/Desktop/Modeling/数据集/目标域数据集/E.mat,E,,,,,,,600,var,32000,32000,0.5,0.25,10,
E:E:00011,E,target,/Users/hanibote/Desktop/Modeling/数据集/目标域数据集/E.mat,E,,,,,,,600,var,32000,32000,0.5,0.25,11,
E:E:00012,E,target,/Users/hanibote/Desktop/Modeling/数据集/目标域数据集/E.mat,E,,,,,,,600,var,32000,32000,0.5,0.25,12,
E:E:00013,E,target,/Users/hanibote/Desktop/Modeling/数据集/目标域数据集/E.mat,E,,,,,,,600,var,32000,32000,0.5,0.25,13,
E:E:00014,E,target,/Users/hanibote/Desktop/Modeling/数据集/目标域数据集/E.mat,E,,,,,,,600,var,32000,32000,0.5,0.25,14,
E:E:00015,E,target,/Users/hanibote/Desktop/Modeling/数据集/目标域数据集/E.mat,E,,,,,,,600,var,32000,32000,0.5,0.25,15,
E:E:00016,E,target,/Users/hanibote/Desktop/Modeling/数据集/目标域数据集/E.mat,E,,,,,,,600,var,32000,32000,0.5,0.25,16,
E:E:00017,E,target,/Users/hanibote/Desktop/Modeling/数据集/目标域数据集/E.mat,E,,,,,,,600,var,32000,32000,0.5,0.25,17,
E:E:00018,E,target,/Users/hanibote/Desktop/Modeling/数据集/目标域数据集/E.mat,E,,,,,,,600,var,32000,32000,0.5,0.25,18,
E:E:00019,E,target,/Users/hanibote/Desktop/Modeling/数据集/目标域数据集/E.mat,E,,,,,,,600,var,32000,32000,0.5,0.25,19,
E:E:00020,E,target,/Users/hanibote/Desktop/Modeling/数据集/目标域数据集/E.mat,E,,,,,,,600,var,32000,32000,0.5,0.25,20,
E:E:00021,E,target,/Users/hanibote/Desktop/Modeling/数据集/目标域数据集/E.mat,E,,,,,,,600,var,32000,32000,0.5,0.25,21,
E:E:00022,E,target,/Users/hanibote/Desktop/Modeling/数据集/目标域数据集/E.mat,E,,,,,,,600,var,32000,32000,0.5,0.25,22,
E:E:00023,E,target,/Users/hanibote/Desktop/Modeling/数据集/目标域数据集/E.mat,E,,,,,,,600,var,32000,32000,0.5,0.25,23,
E:E:00024,E,target,/Users/hanibote/Desktop/Modeling/数据集/目标域数据集/E.mat,E,,,,,,,600,var,32000,32000,0.5,0.25,24,
E:E:00025,E,target,/Users/hanibote/Desktop/Modeling/数据集/目标域数据集/E.mat,E,,,,,,,600,var,32000,32000,0.5,0.25,25,
E:E:00026,E,target,/Users/hanibote/Desktop/Modeling/数据集/目标域数据集/E.mat,E,,,,,,,600,var,32000,32000,0.5,0.25,26,
E:E:00027,E,target,/Users/hanibote/Desktop/Modeling/数据集/目标域数据集/E.mat,E,,,,,,,600,var,32000,32000,0.5,0.25,27,
E:E:00028,E,target,/Users/hanibote/Desktop/Modeling/数据集/目标域数据集/E.mat,E,,,,,,,600,var,32000,32000,0.5,0.25,28,
E:E:00029,E,target,/Users/hanibote/Desktop/Modeling/数据集/目标域数据集/E.mat,E,,,,,,,600,var,32000,32000,0.5,0.25,29,
E:E:00030,E,target,/Users/hanibote/Desktop/Modeling/数据集/目标域数据集/E.mat,E,,,,,,,600,var,32000,32000,0.5,0.25,30,
F:F:00000,F,target,/Users/hanibote/Desktop/Modeling/数据集/目标域数据集/F.mat,F,,,,,,,600,var,32000,32000,0.5,0.25,0,
F:F:00001,F,target,/Users/hanibote/Desktop/Modeling/数据集/目标域数据集/F.mat,F,,,,,,,600,var,32000,32000,0.5,0.25,1,
F:F:00002,F,target,/Users/hanibote/Desktop/Modeling/数据集/目标域数据集/F.mat,F,,,,,,,600,var,32000,32000,0.5,0.25,2,
F:F:00003,F,target,/Users/hanibote/Desktop/Modeling/数据集/目标域数据集/F.mat,F,,,,,,,600,var,32000,32000,0.5,0.25,3,
F:F:00004,F,target,/Users/hanibote/Desktop/Modeling/数据集/目标域数据集/F.mat,F,,,,,,,600,var,32000,32000,0.5,0.25,4,
F:F:00005,F,target,/Users/hanibote/Desktop/Modeling/数据集/目标域数据集/F.mat,F,,,,,,,600,var,32000,32000,0.5,0.25,5,
F:F:00006,F,target,/Users/hanibote/Desktop/Modeling/数据集/目标域数据集/F.mat,F,,,,,,,600,var,32000,32000,0.5,0.25,6,
F:F:00007,F,target,/Users/hanibote/Desktop/Modeling/数据集/目标域数据集/F.mat,F,,,,,,,600,var,32000,32000,0.5,0.25,7,
F:F:00008,F,target,/Users/hanibote/Desktop/Modeling/数据集/目标域数据集/F.mat,F,,,,,,,600,var,32000,32000,0.5,0.25,8,
F:F:00009,F,target,/Users/hanibote/Desktop/Modeling/数据集/目标域数据集/F.mat,F,,,,,,,600,var,32000,32000,0.5,0.25,9,
F:F:00010,F,target,/Users/hanibote/Desktop/Modeling/数据集/目标域数据集/F.mat,F,,,,,,,600,var,32000,32000,0.5,0.25,10,
F:F:00011,F,target,/Users/hanibote/Desktop/Modeling/数据集/目标域数据集/F.mat,F,,,,,,,600,var,32000,32000,0.5,0.25,11,
F:F:00012,F,target,/Users/hanibote/Desktop/Modeling/数据集/目标域数据集/F.mat,F,,,,,,,600,var,32000,32000,0.5,0.25,12,
F:F:00013,F,target,/Users/hanibote/Desktop/Modeling/数据集/目标域数据集/F.mat,F,,,,,,,600,var,32000,32000,0.5,0.25,13,
F:F:00014,F,target,/Users/hanibote/Desktop/Modeling/数据集/目标域数据集/F.mat,F,,,,,,,600,var,32000,32000,0.5,0.25,14,
F:F:00015,F,target,/Users/hanibote/Desktop/Modeling/数据集/目标域数据集/F.mat,F,,,,,,,600,var,32000,32000,0.5,0.25,15,
F:F:00016,F,target,/Users/hanibote/Desktop/Modeling/数据集/目标域数据集/F.mat,F,,,,,,,600,var,32000,32000,0.5,0.25,16,
F:F:00017,F,target,/Users/hanibote/Desktop/Modeling/数据集/目标域数据集/F.mat,F,,,,,,,600,var,32000,32000,0.5,0.25,17,
F:F:00018,F,target,/Users/hanibote/Desktop/Modeling/数据集/目标域数据集/F.mat,F,,,,,,,600,var,32000,32000,0.5,0.25,18,
F:F:00019,F,target,/Users/hanibote/Desktop/Modeling/数据集/目标域数据集/F.mat,F,,,,,,,600,var,32000,32000,0.5,0.25,19,
F:F:00020,F,target,/Users/hanibote/Desktop/Modeling/数据集/目标域数据集/F.mat,F,,,,,,,600,var,32000,32000,0.5,0.25,20,
F:F:00021,F,target,/Users/hanibote/Desktop/Modeling/数据集/目标域数据集/F.mat,F,,,,,,,600,var,32000,32000,0.5,0.25,21,
F:F:00022,F,target,/Users/hanibote/Desktop/Modeling/数据集/目标域数据集/F.mat,F,,,,,,,600,var,32000,32000,0.5,0.25,22,
F:F:00023,F,target,/Users/hanibote/Desktop/Modeling/数据集/目标域数据集/F.mat,F,,,,,,,600,var,32000,32000,0.5,0.25,23,
F:F:00024,F,target,/Users/hanibote/Desktop/Modeling/数据集/目标域数据集/F.mat,F,,,,,,,600,var,32000,32000,0.5,0.25,24,
F:F:00025,F,target,/Users/hanibote/Desktop/Modeling/数据集/目标域数据集/F.mat,F,,,,,,,600,var,32000,32000,0.5,0.25,25,
F:F:00026,F,target,/Users/hanibote/Desktop/Modeling/数据集/目标域数据集/F.mat,F,,,,,,,600,var,32000,32000,0.5,0.25,26,
F:F:00027,F,target,/Users/hanibote/Desktop/Modeling/数据集/目标域数据集/F.mat,F,,,,,,,600,var,32000,32000,0.5,0.25,27,
F:F:00028,F,target,/Users/hanibote/Desktop/Modeling/数据集/目标域数据集/F.mat,F,,,,,,,600,var,32000,32000,0.5,0.25,28,
F:F:00029,F,target,/Users/hanibote/Desktop/Modeling/数据集/目标域数据集/F.mat,F,,,,,,,600,var,32000,32000,0.5,0.25,29,
F:F:00030,F,target,/Users/hanibote/Desktop/Modeling/数据集/目标域数据集/F.mat,F,,,,,,,600,var,32000,32000,0.5,0.25,30,
G:G:00000,G,target,/Users/hanibote/Desktop/Modeling/数据集/目标域数据集/G.mat,G,,,,,,,600,var,32000,32000,0.5,0.25,0,
G:G:00001,G,target,/Users/hanibote/Desktop/Modeling/数据集/目标域数据集/G.mat,G,,,,,,,600,var,32000,32000,0.5,0.25,1,
G:G:00002,G,target,/Users/hanibote/Desktop/Modeling/数据集/目标域数据集/G.mat,G,,,,,,,600,var,32000,32000,0.5,0.25,2,
G:G:00003,G,target,/Users/hanibote/Desktop/Modeling/数据集/目标域数据集/G.mat,G,,,,,,,600,var,32000,32000,0.5,0.25,3,
G:G:00004,G,target,/Users/hanibote/Desktop/Modeling/数据集/目标域数据集/G.mat,G,,,,,,,600,var,32000,32000,0.5,0.25,4,
G:G:00005,G,target,/Users/hanibote/Desktop/Modeling/数据集/目标域数据集/G.mat,G,,,,,,,600,var,32000,32000,0.5,0.25,5,
G:G:00006,G,target,/Users/hanibote/Desktop/Modeling/数据集/目标域数据集/G.mat,G,,,,,,,600,var,32000,32000,0.5,0.25,6,
G:G:00007,G,target,/Users/hanibote/Desktop/Modeling/数据集/目标域数据集/G.mat,G,,,,,,,600,var,32000,32000,0.5,0.25,7,
G:G:00008,G,target,/Users/hanibote/Desktop/Modeling/数据集/目标域数据集/G.mat,G,,,,,,,600,var,32000,32000,0.5,0.25,8,
G:G:00009,G,target,/Users/hanibote/Desktop/Modeling/数据集/目标域数据集/G.mat,G,,,,,,,600,var,32000,32000,0.5,0.25,9,
G:G:00010,G,target,/Users/hanibote/Desktop/Modeling/数据集/目标域数据集/G.mat,G,,,,,,,600,var,32000,32000,0.5,0.25,10,
G:G:00011,G,target,/Users/hanibote/Desktop/Modeling/数据集/目标域数据集/G.mat,G,,,,,,,600,var,32000,32000,0.5,0.25,11,
G:G:00012,G,target,/Users/hanibote/Desktop/Modeling/数据集/目标域数据集/G.mat,G,,,,,,,600,var,32000,32000,0.5,0.25,12,
G:G:00013,G,target,/Users/hanibote/Desktop/Modeling/数据集/目标域数据集/G.mat,G,,,,,,,600,var,32000,32000,0.5,0.25,13,
G:G:00014,G,target,/Users/hanibote/Desktop/Modeling/数据集/目标域数据集/G.mat,G,,,,,,,600,var,32000,32000,0.5,0.25,14,
G:G:00015,G,target,/Users/hanibote/Desktop/Modeling/数据集/目标域数据集/G.mat,G,,,,,,,600,var,32000,32000,0.5,0.25,15,
G:G:00016,G,target,/Users/hanibote/Desktop/Modeling/数据集/目标域数据集/G.mat,G,,,,,,,600,var,32000,32000,0.5,0.25,16,
G:G:00017,G,target,/Users/hanibote/Desktop/Modeling/数据集/目标域数据集/G.mat,G,,,,,,,600,var,32000,32000,0.5,0.25,17,
G:G:00018,G,target,/Users/hanibote/Desktop/Modeling/数据集/目标域数据集/G.mat,G,,,,,,,600,var,32000,32000,0.5,0.25,18,
G:G:00019,G,target,/Users/hanibote/Desktop/Modeling/数据集/目标域数据集/G.mat,G,,,,,,,600,var,32000,32000,0.5,0.25,19,
G:G:00020,G,target,/Users/hanibote/Desktop/Modeling/数据集/目标域数据集/G.mat,G,,,,,,,600,var,32000,32000,0.5,0.25,20,
G:G:00021,G,target,/Users/hanibote/Desktop/Modeling/数据集/目标域数据集/G.mat,G,,,,,,,600,var,32000,32000,0.5,0.25,21,
G:G:00022,G,target,/Users/hanibote/Desktop/Modeling/数据集/目标域数据集/G.mat,G,,,,,,,600,var,32000,32000,0.5,0.25,22,
G:G:00023,G,target,/Users/hanibote/Desktop/Modeling/数据集/目标域数据集/G.mat,G,,,,,,,600,var,32000,32000,0.5,0.25,23,
G:G:00024,G,target,/Users/hanibote/Desktop/Modeling/数据集/目标域数据集/G.mat,G,,,,,,,600,var,32000,32000,0.5,0.25,24,
G:G:00025,G,target,/Users/hanibote/Desktop/Modeling/数据集/目标域数据集/G.mat,G,,,,,,,600,var,32000,32000,0.5,0.25,25,
G:G:00026,G,target,/Users/hanibote/Desktop/Modeling/数据集/目标域数据集/G.mat,G,,,,,,,600,var,32000,32000,0.5,0.25,26,
G:G:00027,G,target,/Users/hanibote/Desktop/Modeling/数据集/目标域数据集/G.mat,G,,,,,,,600,var,32000,32000,0.5,0.25,27,
G:G:00028,G,target,/Users/hanibote/Desktop/Modeling/数据集/目标域数据集/G.mat,G,,,,,,,600,var,32000,32000,0.5,0.25,28,
G:G:00029,G,target,/Users/hanibote/Desktop/Modeling/数据集/目标域数据集/G.mat,G,,,,,,,600,var,32000,32000,0.5,0.25,29,
G:G:00030,G,target,/Users/hanibote/Desktop/Modeling/数据集/目标域数据集/G.mat,G,,,,,,,600,var,32000,32000,0.5,0.25,30,
H:H:00000,H,target,/Users/hanibote/Desktop/Modeling/数据集/目标域数据集/H.mat,H,,,,,,,600,var,32000,32000,0.5,0.25,0,
H:H:00001,H,target,/Users/hanibote/Desktop/Modeling/数据集/目标域数据集/H.mat,H,,,,,,,600,var,32000,32000,0.5,0.25,1,
H:H:00002,H,target,/Users/hanibote/Desktop/Modeling/数据集/目标域数据集/H.mat,H,,,,,,,600,var,32000,32000,0.5,0.25,2,
H:H:00003,H,target,/Users/hanibote/Desktop/Modeling/数据集/目标域数据集/H.mat,H,,,,,,,600,var,32000,32000,0.5,0.25,3,
H:H:00004,H,target,/Users/hanibote/Desktop/Modeling/数据集/目标域数据集/H.mat,H,,,,,,,600,var,32000,32000,0.5,0.25,4,
H:H:00005,H,target,/Users/hanibote/Desktop/Modeling/数据集/目标域数据集/H.mat,H,,,,,,,600,var,32000,32000,0.5,0.25,5,
H:H:00006,H,target,/Users/hanibote/Desktop/Modeling/数据集/目标域数据集/H.mat,H,,,,,,,600,var,32000,32000,0.5,0.25,6,
H:H:00007,H,target,/Users/hanibote/Desktop/Modeling/数据集/目标域数据集/H.mat,H,,,,,,,600,var,32000,32000,0.5,0.25,7,
H:H:00008,H,target,/Users/hanibote/Desktop/Modeling/数据集/目标域数据集/H.mat,H,,,,,,,600,var,32000,32000,0.5,0.25,8,
H:H:00009,H,target,/Users/hanibote/Desktop/Modeling/数据集/目标域数据集/H.mat,H,,,,,,,600,var,32000,32000,0.5,0.25,9,
H:H:00010,H,target,/Users/hanibote/Desktop/Modeling/数据集/目标域数据集/H.mat,H,,,,,,,600,var,32000,32000,0.5,0.25,10,
H:H:00011,H,target,/Users/hanibote/Desktop/Modeling/数据集/目标域数据集/H.mat,H,,,,,,,600,var,32000,32000,0.5,0.25,11,
H:H:00012,H,target,/Users/hanibote/Desktop/Modeling/数据集/目标域数据集/H.mat,H,,,,,,,600,var,32000,32000,0.5,0.25,12,
H:H:00013,H,target,/Users/hanibote/Desktop/Modeling/数据集/目标域数据集/H.mat,H,,,,,,,600,var,32000,32000,0.5,0.25,13,
H:H:00014,H,target,/Users/hanibote/Desktop/Modeling/数据集/目标域数据集/H.mat,H,,,,,,,600,var,32000,32000,0.5,0.25,14,
H:H:00015,H,target,/Users/hanibote/Desktop/Modeling/数据集/目标域数据集/H.mat,H,,,,,,,600,var,32000,32000,0.5,0.25,15,
H:H:00016,H,target,/Users/hanibote/Desktop/Modeling/数据集/目标域数据集/H.mat,H,,,,,,,600,var,32000,32000,0.5,0.25,16,
H:H:00017,H,target,/Users/hanibote/Desktop/Modeling/数据集/目标域数据集/H.mat,H,,,,,,,600,var,32000,32000,0.5,0.25,17,
H:H:00018,H,target,/Users/hanibote/Desktop/Modeling/数据集/目标域数据集/H.mat,H,,,,,,,600,var,32000,32000,0.5,0.25,18,
H:H:00019,H,target,/Users/hanibote/Desktop/Modeling/数据集/目标域数据集/H.mat,H,,,,,,,600,var,32000,32000,0.5,0.25,19,
H:H:00020,H,target,/Users/hanibote/Desktop/Modeling/数据集/目标域数据集/H.mat,H,,,,,,,600,var,32000,32000,0.5,0.25,20,
H:H:00021,H,target,/Users/hanibote/Desktop/Modeling/数据集/目标域数据集/H.mat,H,,,,,,,600,var,32000,32000,0.5,0.25,21,
H:H:00022,H,target,/Users/hanibote/Desktop/Modeling/数据集/目标域数据集/H.mat,H,,,,,,,600,var,32000,32000,0.5,0.25,22,
H:H:00023,H,target,/Users/hanibote/Desktop/Modeling/数据集/目标域数据集/H.mat,H,,,,,,,600,var,32000,32000,0.5,0.25,23,
H:H:00024,H,target,/Users/hanibote/Desktop/Modeling/数据集/目标域数据集/H.mat,H,,,,,,,600,var,32000,32000,0.5,0.25,24,
H:H:00025,H,target,/Users/hanibote/Desktop/Modeling/数据集/目标域数据集/H.mat,H,,,,,,,600,var,32000,32000,0.5,0.25,25,
H:H:00026,H,target,/Users/hanibote/Desktop/Modeling/数据集/目标域数据集/H.mat,H,,,,,,,600,var,32000,32000,0.5,0.25,26,
H:H:00027,H,target,/Users/hanibote/Desktop/Modeling/数据集/目标域数据集/H.mat,H,,,,,,,600,var,32000,32000,0.5,0.25,27,
H:H:00028,H,target,/Users/hanibote/Desktop/Modeling/数据集/目标域数据集/H.mat,H,,,,,,,600,var,32000,32000,0.5,0.25,28,
H:H:00029,H,target,/Users/hanibote/Desktop/Modeling/数据集/目标域数据集/H.mat,H,,,,,,,600,var,32000,32000,0.5,0.25,29,
H:H:00030,H,target,/Users/hanibote/Desktop/Modeling/数据集/目标域数据集/H.mat,H,,,,,,,600,var,32000,32000,0.5,0.25,30,
I:I:00000,I,target,/Users/hanibote/Desktop/Modeling/数据集/目标域数据集/I.mat,I,,,,,,,600,var,32000,32000,0.5,0.25,0,
I:I:00001,I,target,/Users/hanibote/Desktop/Modeling/数据集/目标域数据集/I.mat,I,,,,,,,600,var,32000,32000,0.5,0.25,1,
I:I:00002,I,target,/Users/hanibote/Desktop/Modeling/数据集/目标域数据集/I.mat,I,,,,,,,600,var,32000,32000,0.5,0.25,2,
I:I:00003,I,target,/Users/hanibote/Desktop/Modeling/数据集/目标域数据集/I.mat,I,,,,,,,600,var,32000,32000,0.5,0.25,3,
I:I:00004,I,target,/Users/hanibote/Desktop/Modeling/数据集/目标域数据集/I.mat,I,,,,,,,600,var,32000,32000,0.5,0.25,4,
I:I:00005,I,target,/Users/hanibote/Desktop/Modeling/数据集/目标域数据集/I.mat,I,,,,,,,600,var,32000,32000,0.5,0.25,5,
I:I:00006,I,target,/Users/hanibote/Desktop/Modeling/数据集/目标域数据集/I.mat,I,,,,,,,600,var,32000,32000,0.5,0.25,6,
I:I:00007,I,target,/Users/hanibote/Desktop/Modeling/数据集/目标域数据集/I.mat,I,,,,,,,600,var,32000,32000,0.5,0.25,7,
I:I:00008,I,target,/Users/hanibote/Desktop/Modeling/数据集/目标域数据集/I.mat,I,,,,,,,600,var,32000,32000,0.5,0.25,8,
I:I:00009,I,target,/Users/hanibote/Desktop/Modeling/数据集/目标域数据集/I.mat,I,,,,,,,600,var,32000,32000,0.5,0.25,9,
I:I:00010,I,target,/Users/hanibote/Desktop/Modeling/数据集/目标域数据集/I.mat,I,,,,,,,600,var,32000,32000,0.5,0.25,10,
I:I:00011,I,target,/Users/hanibote/Desktop/Modeling/数据集/目标域数据集/I.mat,I,,,,,,,600,var,32000,32000,0.5,0.25,11,
I:I:00012,I,target,/Users/hanibote/Desktop/Modeling/数据集/目标域数据集/I.mat,I,,,,,,,600,var,32000,32000,0.5,0.25,12,
I:I:00013,I,target,/Users/hanibote/Desktop/Modeling/数据集/目标域数据集/I.mat,I,,,,,,,600,var,32000,32000,0.5,0.25,13,
I:I:00014,I,target,/Users/hanibote/Desktop/Modeling/数据集/目标域数据集/I.mat,I,,,,,,,600,var,32000,32000,0.5,0.25,14,
I:I:00015,I,target,/Users/hanibote/Desktop/Modeling/数据集/目标域数据集/I.mat,I,,,,,,,600,var,32000,32000,0.5,0.25,15,
I:I:00016,I,target,/Users/hanibote/Desktop/Modeling/数据集/目标域数据集/I.mat,I,,,,,,,600,var,32000,32000,0.5,0.25,16,
I:I:00017,I,target,/Users/hanibote/Desktop/Modeling/数据集/目标域数据集/I.mat,I,,,,,,,600,var,32000,32000,0.5,0.25,17,
I:I:00018,I,target,/Users/hanibote/Desktop/Modeling/数据集/目标域数据集/I.mat,I,,,,,,,600,var,32000,32000,0.5,0.25,18,
I:I:00019,I,target,/Users/hanibote/Desktop/Modeling/数据集/目标域数据集/I.mat,I,,,,,,,600,var,32000,32000,0.5,0.25,19,
I:I:00020,I,target,/Users/hanibote/Desktop/Modeling/数据集/目标域数据集/I.mat,I,,,,,,,600,var,32000,32000,0.5,0.25,20,
I:I:00021,I,target,/Users/hanibote/Desktop/Modeling/数据集/目标域数据集/I.mat,I,,,,,,,600,var,32000,32000,0.5,0.25,21,
I:I:00022,I,target,/Users/hanibote/Desktop/Modeling/数据集/目标域数据集/I.mat,I,,,,,,,600,var,32000,32000,0.5,0.25,22,
I:I:00023,I,target,/Users/hanibote/Desktop/Modeling/数据集/目标域数据集/I.mat,I,,,,,,,600,var,32000,32000,0.5,0.25,23,
I:I:00024,I,target,/Users/hanibote/Desktop/Modeling/数据集/目标域数据集/I.mat,I,,,,,,,600,var,32000,32000,0.5,0.25,24,
I:I:00025,I,target,/Users/hanibote/Desktop/Modeling/数据集/目标域数据集/I.mat,I,,,,,,,600,var,32000,32000,0.5,0.25,25,
I:I:00026,I,target,/Users/hanibote/Desktop/Modeling/数据集/目标域数据集/I.mat,I,,,,,,,600,var,32000,32000,0.5,0.25,26,
I:I:00027,I,target,/Users/hanibote/Desktop/Modeling/数据集/目标域数据集/I.mat,I,,,,,,,600,var,32000,32000,0.5,0.25,27,
I:I:00028,I,target,/Users/hanibote/Desktop/Modeling/数据集/目标域数据集/I.mat,I,,,,,,,600,var,32000,32000,0.5,0.25,28,
I:I:00029,I,target,/Users/hanibote/Desktop/Modeling/数据集/目标域数据集/I.mat,I,,,,,,,600,var,32000,32000,0.5,0.25,29,
I:I:00030,I,target,/Users/hanibote/Desktop/Modeling/数据集/目标域数据集/I.mat,I,,,,,,,600,var,32000,32000,0.5,0.25,30,
J:J:00000,J,target,/Users/hanibote/Desktop/Modeling/数据集/目标域数据集/J.mat,J,,,,,,,600,var,32000,32000,0.5,0.25,0,
J:J:00001,J,target,/Users/hanibote/Desktop/Modeling/数据集/目标域数据集/J.mat,J,,,,,,,600,var,32000,32000,0.5,0.25,1,
J:J:00002,J,target,/Users/hanibote/Desktop/Modeling/数据集/目标域数据集/J.mat,J,,,,,,,600,var,32000,32000,0.5,0.25,2,
J:J:00003,J,target,/Users/hanibote/Desktop/Modeling/数据集/目标域数据集/J.mat,J,,,,,,,600,var,32000,32000,0.5,0.25,3,
J:J:00004,J,target,/Users/hanibote/Desktop/Modeling/数据集/目标域数据集/J.mat,J,,,,,,,600,var,32000,32000,0.5,0.25,4,
J:J:00005,J,target,/Users/hanibote/Desktop/Modeling/数据集/目标域数据集/J.mat,J,,,,,,,600,var,32000,32000,0.5,0.25,5,
J:J:00006,J,target,/Users/hanibote/Desktop/Modeling/数据集/目标域数据集/J.mat,J,,,,,,,600,var,32000,32000,0.5,0.25,6,
J:J:00007,J,target,/Users/hanibote/Desktop/Modeling/数据集/目标域数据集/J.mat,J,,,,,,,600,var,32000,32000,0.5,0.25,7,
J:J:00008,J,target,/Users/hanibote/Desktop/Modeling/数据集/目标域数据集/J.mat,J,,,,,,,600,var,32000,32000,0.5,0.25,8,
J:J:00009,J,target,/Users/hanibote/Desktop/Modeling/数据集/目标域数据集/J.mat,J,,,,,,,600,var,32000,32000,0.5,0.25,9,
J:J:00010,J,target,/Users/hanibote/Desktop/Modeling/数据集/目标域数据集/J.mat,J,,,,,,,600,var,32000,32000,0.5,0.25,10,
J:J:00011,J,target,/Users/hanibote/Desktop/Modeling/数据集/目标域数据集/J.mat,J,,,,,,,600,var,32000,32000,0.5,0.25,11,
J:J:00012,J,target,/Users/hanibote/Desktop/Modeling/数据集/目标域数据集/J.mat,J,,,,,,,600,var,32000,32000,0.5,0.25,12,
J:J:00013,J,target,/Users/hanibote/Desktop/Modeling/数据集/目标域数据集/J.mat,J,,,,,,,600,var,32000,32000,0.5,0.25,13,
J:J:00014,J,target,/Users/hanibote/Desktop/Modeling/数据集/目标域数据集/J.mat,J,,,,,,,600,var,32000,32000,0.5,0.25,14,
J:J:00015,J,target,/Users/hanibote/Desktop/Modeling/数据集/目标域数据集/J.mat,J,,,,,,,600,var,32000,32000,0.5,0.25,15,
J:J:00016,J,target,/Users/hanibote/Desktop/Modeling/数据集/目标域数据集/J.mat,J,,,,,,,600,var,32000,32000,0.5,0.25,16,
J:J:00017,J,target,/Users/hanibote/Desktop/Modeling/数据集/目标域数据集/J.mat,J,,,,,,,600,var,32000,32000,0.5,0.25,17,
J:J:00018,J,target,/Users/hanibote/Desktop/Modeling/数据集/目标域数据集/J.mat,J,,,,,,,600,var,32000,32000,0.5,0.25,18,
J:J:00019,J,target,/Users/hanibote/Desktop/Modeling/数据集/目标域数据集/J.mat,J,,,,,,,600,var,32000,32000,0.5,0.25,19,
J:J:00020,J,target,/Users/hanibote/Desktop/Modeling/数据集/目标域数据集/J.mat,J,,,,,,,600,var,32000,32000,0.5,0.25,20,
J:J:00021,J,target,/Users/hanibote/Desktop/Modeling/数据集/目标域数据集/J.mat,J,,,,,,,600,var,32000,32000,0.5,0.25,21,
J:J:00022,J,target,/Users/hanibote/Desktop/Modeling/数据集/目标域数据集/J.mat,J,,,,,,,600,var,32000,32000,0.5,0.25,22,
J:J:00023,J,target,/Users/hanibote/Desktop/Modeling/数据集/目标域数据集/J.mat,J,,,,,,,600,var,32000,32000,0.5,0.25,23,
J:J:00024,J,target,/Users/hanibote/Desktop/Modeling/数据集/目标域数据集/J.mat,J,,,,,,,600,var,32000,32000,0.5,0.25,24,
J:J:00025,J,target,/Users/hanibote/Desktop/Modeling/数据集/目标域数据集/J.mat,J,,,,,,,600,var,32000,32000,0.5,0.25,25,
J:J:00026,J,target,/Users/hanibote/Desktop/Modeling/数据集/目标域数据集/J.mat,J,,,,,,,600,var,32000,32000,0.5,0.25,26,
J:J:00027,J,target,/Users/hanibote/Desktop/Modeling/数据集/目标域数据集/J.mat,J,,,,,,,600,var,32000,32000,0.5,0.25,27,
J:J:00028,J,target,/Users/hanibote/Desktop/Modeling/数据集/目标域数据集/J.mat,J,,,,,,,600,var,32000,32000,0.5,0.25,28,
J:J:00029,J,target,/Users/hanibote/Desktop/Modeling/数据集/目标域数据集/J.mat,J,,,,,,,600,var,32000,32000,0.5,0.25,29,
J:J:00030,J,target,/Users/hanibote/Desktop/Modeling/数据集/目标域数据集/J.mat,J,,,,,,,600,var,32000,32000,0.5,0.25,30,
K:K:00000,K,target,/Users/hanibote/Desktop/Modeling/数据集/目标域数据集/K.mat,K,,,,,,,600,var,32000,32000,0.5,0.25,0,
K:K:00001,K,target,/Users/hanibote/Desktop/Modeling/数据集/目标域数据集/K.mat,K,,,,,,,600,var,32000,32000,0.5,0.25,1,
K:K:00002,K,target,/Users/hanibote/Desktop/Modeling/数据集/目标域数据集/K.mat,K,,,,,,,600,var,32000,32000,0.5,0.25,2,
K:K:00003,K,target,/Users/hanibote/Desktop/Modeling/数据集/目标域数据集/K.mat,K,,,,,,,600,var,32000,32000,0.5,0.25,3,
K:K:00004,K,target,/Users/hanibote/Desktop/Modeling/数据集/目标域数据集/K.mat,K,,,,,,,600,var,32000,32000,0.5,0.25,4,
K:K:00005,K,target,/Users/hanibote/Desktop/Modeling/数据集/目标域数据集/K.mat,K,,,,,,,600,var,32000,32000,0.5,0.25,5,
K:K:00006,K,target,/Users/hanibote/Desktop/Modeling/数据集/目标域数据集/K.mat,K,,,,,,,600,var,32000,32000,0.5,0.25,6,
K:K:00007,K,target,/Users/hanibote/Desktop/Modeling/数据集/目标域数据集/K.mat,K,,,,,,,600,var,32000,32000,0.5,0.25,7,
K:K:00008,K,target,/Users/hanibote/Desktop/Modeling/数据集/目标域数据集/K.mat,K,,,,,,,600,var,32000,32000,0.5,0.25,8,
K:K:00009,K,target,/Users/hanibote/Desktop/Modeling/数据集/目标域数据集/K.mat,K,,,,,,,600,var,32000,32000,0.5,0.25,9,
K:K:00010,K,target,/Users/hanibote/Desktop/Modeling/数据集/目标域数据集/K.mat,K,,,,,,,600,var,32000,32000,0.5,0.25,10,
K:K:00011,K,target,/Users/hanibote/Desktop/Modeling/数据集/目标域数据集/K.mat,K,,,,,,,600,var,32000,32000,0.5,0.25,11,
K:K:00012,K,target,/Users/hanibote/Desktop/Modeling/数据集/目标域数据集/K.mat,K,,,,,,,600,var,32000,32000,0.5,0.25,12,
K:K:00013,K,target,/Users/hanibote/Desktop/Modeling/数据集/目标域数据集/K.mat,K,,,,,,,600,var,32000,32000,0.5,0.25,13,
K:K:00014,K,target,/Users/hanibote/Desktop/Modeling/数据集/目标域数据集/K.mat,K,,,,,,,600,var,32000,32000,0.5,0.25,14,
K:K:00015,K,target,/Users/hanibote/Desktop/Modeling/数据集/目标域数据集/K.mat,K,,,,,,,600,var,32000,32000,0.5,0.25,15,
K:K:00016,K,target,/Users/hanibote/Desktop/Modeling/数据集/目标域数据集/K.mat,K,,,,,,,600,var,32000,32000,0.5,0.25,16,
K:K:00017,K,target,/Users/hanibote/Desktop/Modeling/数据集/目标域数据集/K.mat,K,,,,,,,600,var,32000,32000,0.5,0.25,17,
K:K:00018,K,target,/Users/hanibote/Desktop/Modeling/数据集/目标域数据集/K.mat,K,,,,,,,600,var,32000,32000,0.5,0.25,18,
K:K:00019,K,target,/Users/hanibote/Desktop/Modeling/数据集/目标域数据集/K.mat,K,,,,,,,600,var,32000,32000,0.5,0.25,19,
K:K:00020,K,target,/Users/hanibote/Desktop/Modeling/数据集/目标域数据集/K.mat,K,,,,,,,600,var,32000,32000,0.5,0.25,20,
K:K:00021,K,target,/Users/hanibote/Desktop/Modeling/数据集/目标域数据集/K.mat,K,,,,,,,600,var,32000,32000,0.5,0.25,21,
K:K:00022,K,target,/Users/hanibote/Desktop/Modeling/数据集/目标域数据集/K.mat,K,,,,,,,600,var,32000,32000,0.5,0.25,22,
K:K:00023,K,target,/Users/hanibote/Desktop/Modeling/数据集/目标域数据集/K.mat,K,,,,,,,600,var,32000,32000,0.5,0.25,23,
K:K:00024,K,target,/Users/hanibote/Desktop/Modeling/数据集/目标域数据集/K.mat,K,,,,,,,600,var,32000,32000,0.5,0.25,24,
K:K:00025,K,target,/Users/hanibote/Desktop/Modeling/数据集/目标域数据集/K.mat,K,,,,,,,600,var,32000,32000,0.5,0.25,25,
K:K:00026,K,target,/Users/hanibote/Desktop/Modeling/数据集/目标域数据集/K.mat,K,,,,,,,600,var,32000,32000,0.5,0.25,26,
K:K:00027,K,target,/Users/hanibote/Desktop/Modeling/数据集/目标域数据集/K.mat,K,,,,,,,600,var,32000,32000,0.5,0.25,27,
K:K:00028,K,target,/Users/hanibote/Desktop/Modeling/数据集/目标域数据集/K.mat,K,,,,,,,600,var,32000,32000,0.5,0.25,28,
K:K:00029,K,target,/Users/hanibote/Desktop/Modeling/数据集/目标域数据集/K.mat,K,,,,,,,600,var,32000,32000,0.5,0.25,29,
K:K:00030,K,target,/Users/hanibote/Desktop/Modeling/数据集/目标域数据集/K.mat,K,,,,,,,600,var,32000,32000,0.5,0.25,30,
L:L:00000,L,target,/Users/hanibote/Desktop/Modeling/数据集/目标域数据集/L.mat,L,,,,,,,600,var,32000,32000,0.5,0.25,0,
L:L:00001,L,target,/Users/hanibote/Desktop/Modeling/数据集/目标域数据集/L.mat,L,,,,,,,600,var,32000,32000,0.5,0.25,1,
L:L:00002,L,target,/Users/hanibote/Desktop/Modeling/数据集/目标域数据集/L.mat,L,,,,,,,600,var,32000,32000,0.5,0.25,2,
L:L:00003,L,target,/Users/hanibote/Desktop/Modeling/数据集/目标域数据集/L.mat,L,,,,,,,600,var,32000,32000,0.5,0.25,3,
L:L:00004,L,target,/Users/hanibote/Desktop/Modeling/数据集/目标域数据集/L.mat,L,,,,,,,600,var,32000,32000,0.5,0.25,4,
L:L:00005,L,target,/Users/hanibote/Desktop/Modeling/数据集/目标域数据集/L.mat,L,,,,,,,600,var,32000,32000,0.5,0.25,5,
L:L:00006,L,target,/Users/hanibote/Desktop/Modeling/数据集/目标域数据集/L.mat,L,,,,,,,600,var,32000,32000,0.5,0.25,6,
L:L:00007,L,target,/Users/hanibote/Desktop/Modeling/数据集/目标域数据集/L.mat,L,,,,,,,600,var,32000,32000,0.5,0.25,7,
L:L:00008,L,target,/Users/hanibote/Desktop/Modeling/数据集/目标域数据集/L.mat,L,,,,,,,600,var,32000,32000,0.5,0.25,8,
L:L:00009,L,target,/Users/hanibote/Desktop/Modeling/数据集/目标域数据集/L.mat,L,,,,,,,600,var,32000,32000,0.5,0.25,9,
L:L:00010,L,target,/Users/hanibote/Desktop/Modeling/数据集/目标域数据集/L.mat,L,,,,,,,600,var,32000,32000,0.5,0.25,10,
L:L:00011,L,target,/Users/hanibote/Desktop/Modeling/数据集/目标域数据集/L.mat,L,,,,,,,600,var,32000,32000,0.5,0.25,11,
L:L:00012,L,target,/Users/hanibote/Desktop/Modeling/数据集/目标域数据集/L.mat,L,,,,,,,600,var,32000,32000,0.5,0.25,12,
L:L:00013,L,target,/Users/hanibote/Desktop/Modeling/数据集/目标域数据集/L.mat,L,,,,,,,600,var,32000,32000,0.5,0.25,13,
L:L:00014,L,target,/Users/hanibote/Desktop/Modeling/数据集/目标域数据集/L.mat,L,,,,,,,600,var,32000,32000,0.5,0.25,14,
L:L:00015,L,target,/Users/hanibote/Desktop/Modeling/数据集/目标域数据集/L.mat,L,,,,,,,600,var,32000,32000,0.5,0.25,15,
L:L:00016,L,target,/Users/hanibote/Desktop/Modeling/数据集/目标域数据集/L.mat,L,,,,,,,600,var,32000,32000,0.5,0.25,16,
L:L:00017,L,target,/Users/hanibote/Desktop/Modeling/数据集/目标域数据集/L.mat,L,,,,,,,600,var,32000,32000,0.5,0.25,17,
L:L:00018,L,target,/Users/hanibote/Desktop/Modeling/数据集/目标域数据集/L.mat,L,,,,,,,600,var,32000,32000,0.5,0.25,18,
L:L:00019,L,target,/Users/hanibote/Desktop/Modeling/数据集/目标域数据集/L.mat,L,,,,,,,600,var,32000,32000,0.5,0.25,19,
L:L:00020,L,target,/Users/hanibote/Desktop/Modeling/数据集/目标域数据集/L.mat,L,,,,,,,600,var,32000,32000,0.5,0.25,20,
L:L:00021,L,target,/Users/hanibote/Desktop/Modeling/数据集/目标域数据集/L.mat,L,,,,,,,600,var,32000,32000,0.5,0.25,21,
L:L:00022,L,target,/Users/hanibote/Desktop/Modeling/数据集/目标域数据集/L.mat,L,,,,,,,600,var,32000,32000,0.5,0.25,22,
L:L:00023,L,target,/Users/hanibote/Desktop/Modeling/数据集/目标域数据集/L.mat,L,,,,,,,600,var,32000,32000,0.5,0.25,23,
L:L:00024,L,target,/Users/hanibote/Desktop/Modeling/数据集/目标域数据集/L.mat,L,,,,,,,600,var,32000,32000,0.5,0.25,24,
L:L:00025,L,target,/Users/hanibote/Desktop/Modeling/数据集/目标域数据集/L.mat,L,,,,,,,600,var,32000,32000,0.5,0.25,25,
L:L:00026,L,target,/Users/hanibote/Desktop/Modeling/数据集/目标域数据集/L.mat,L,,,,,,,600,var,32000,32000,0.5,0.25,26,
L:L:00027,L,target,/Users/hanibote/Desktop/Modeling/数据集/目标域数据集/L.mat,L,,,,,,,600,var,32000,32000,0.5,0.25,27,
L:L:00028,L,target,/Users/hanibote/Desktop/Modeling/数据集/目标域数据集/L.mat,L,,,,,,,600,var,32000,32000,0.5,0.25,28,
L:L:00029,L,target,/Users/hanibote/Desktop/Modeling/数据集/目标域数据集/L.mat,L,,,,,,,600,var,32000,32000,0.5,0.25,29,
L:L:00030,L,target,/Users/hanibote/Desktop/Modeling/数据集/目标域数据集/L.mat,L,,,,,,,600,var,32000,32000,0.5,0.25,30,
M:M:00000,M,target,/Users/hanibote/Desktop/Modeling/数据集/目标域数据集/M.mat,M,,,,,,,600,var,32000,32000,0.5,0.25,0,
M:M:00001,M,target,/Users/hanibote/Desktop/Modeling/数据集/目标域数据集/M.mat,M,,,,,,,600,var,32000,32000,0.5,0.25,1,
M:M:00002,M,target,/Users/hanibote/Desktop/Modeling/数据集/目标域数据集/M.mat,M,,,,,,,600,var,32000,32000,0.5,0.25,2,
M:M:00003,M,target,/Users/hanibote/Desktop/Modeling/数据集/目标域数据集/M.mat,M,,,,,,,600,var,32000,32000,0.5,0.25,3,
M:M:00004,M,target,/Users/hanibote/Desktop/Modeling/数据集/目标域数据集/M.mat,M,,,,,,,600,var,32000,32000,0.5,0.25,4,
M:M:00005,M,target,/Users/hanibote/Desktop/Modeling/数据集/目标域数据集/M.mat,M,,,,,,,600,var,32000,32000,0.5,0.25,5,
M:M:00006,M,target,/Users/hanibote/Desktop/Modeling/数据集/目标域数据集/M.mat,M,,,,,,,600,var,32000,32000,0.5,0.25,6,
M:M:00007,M,target,/Users/hanibote/Desktop/Modeling/数据集/目标域数据集/M.mat,M,,,,,,,600,var,32000,32000,0.5,0.25,7,
M:M:00008,M,target,/Users/hanibote/Desktop/Modeling/数据集/目标域数据集/M.mat,M,,,,,,,600,var,32000,32000,0.5,0.25,8,
M:M:00009,M,target,/Users/hanibote/Desktop/Modeling/数据集/目标域数据集/M.mat,M,,,,,,,600,var,32000,32000,0.5,0.25,9,
M:M:00010,M,target,/Users/hanibote/Desktop/Modeling/数据集/目标域数据集/M.mat,M,,,,,,,600,var,32000,32000,0.5,0.25,10,
M:M:00011,M,target,/Users/hanibote/Desktop/Modeling/数据集/目标域数据集/M.mat,M,,,,,,,600,var,32000,32000,0.5,0.25,11,
M:M:00012,M,target,/Users/hanibote/Desktop/Modeling/数据集/目标域数据集/M.mat,M,,,,,,,600,var,32000,32000,0.5,0.25,12,
M:M:00013,M,target,/Users/hanibote/Desktop/Modeling/数据集/目标域数据集/M.mat,M,,,,,,,600,var,32000,32000,0.5,0.25,13,
M:M:00014,M,target,/Users/hanibote/Desktop/Modeling/数据集/目标域数据集/M.mat,M,,,,,,,600,var,32000,32000,0.5,0.25,14,
M:M:00015,M,target,/Users/hanibote/Desktop/Modeling/数据集/目标域数据集/M.mat,M,,,,,,,600,var,32000,32000,0.5,0.25,15,
M:M:00016,M,target,/Users/hanibote/Desktop/Modeling/数据集/目标域数据集/M.mat,M,,,,,,,600,var,32000,32000,0.5,0.25,16,
M:M:00017,M,target,/Users/hanibote/Desktop/Modeling/数据集/目标域数据集/M.mat,M,,,,,,,600,var,32000,32000,0.5,0.25,17,
M:M:00018,M,target,/Users/hanibote/Desktop/Modeling/数据集/目标域数据集/M.mat,M,,,,,,,600,var,32000,32000,0.5,0.25,18,
M:M:00019,M,target,/Users/hanibote/Desktop/Modeling/数据集/目标域数据集/M.mat,M,,,,,,,600,var,32000,32000,0.5,0.25,19,
M:M:00020,M,target,/Users/hanibote/Desktop/Modeling/数据集/目标域数据集/M.mat,M,,,,,,,600,var,32000,32000,0.5,0.25,20,
M:M:00021,M,target,/Users/hanibote/Desktop/Modeling/数据集/目标域数据集/M.mat,M,,,,,,,600,var,32000,32000,0.5,0.25,21,
M:M:00022,M,target,/Users/hanibote/Desktop/Modeling/数据集/目标域数据集/M.mat,M,,,,,,,600,var,32000,32000,0.5,0.25,22,
M:M:00023,M,target,/Users/hanibote/Desktop/Modeling/数据集/目标域数据集/M.mat,M,,,,,,,600,var,32000,32000,0.5,0.25,23,
M:M:00024,M,target,/Users/hanibote/Desktop/Modeling/数据集/目标域数据集/M.mat,M,,,,,,,600,var,32000,32000,0.5,0.25,24,
M:M:00025,M,target,/Users/hanibote/Desktop/Modeling/数据集/目标域数据集/M.mat,M,,,,,,,600,var,32000,32000,0.5,0.25,25,
M:M:00026,M,target,/Users/hanibote/Desktop/Modeling/数据集/目标域数据集/M.mat,M,,,,,,,600,var,32000,32000,0.5,0.25,26,
M:M:00027,M,target,/Users/hanibote/Desktop/Modeling/数据集/目标域数据集/M.mat,M,,,,,,,600,var,32000,32000,0.5,0.25,27,
M:M:00028,M,target,/Users/hanibote/Desktop/Modeling/数据集/目标域数据集/M.mat,M,,,,,,,600,var,32000,32000,0.5,0.25,28,
M:M:00029,M,target,/Users/hanibote/Desktop/Modeling/数据集/目标域数据集/M.mat,M,,,,,,,600,var,32000,32000,0.5,0.25,29,
M:M:00030,M,target,/Users/hanibote/Desktop/Modeling/数据集/目标域数据集/M.mat,M,,,,,,,600,var,32000,32000,0.5,0.25,30,
N:N:00000,N,target,/Users/hanibote/Desktop/Modeling/数据集/目标域数据集/N.mat,N,,,,,,,600,var,32000,32000,0.5,0.25,0,
N:N:00001,N,target,/Users/hanibote/Desktop/Modeling/数据集/目标域数据集/N.mat,N,,,,,,,600,var,32000,32000,0.5,0.25,1,
N:N:00002,N,target,/Users/hanibote/Desktop/Modeling/数据集/目标域数据集/N.mat,N,,,,,,,600,var,32000,32000,0.5,0.25,2,
N:N:00003,N,target,/Users/hanibote/Desktop/Modeling/数据集/目标域数据集/N.mat,N,,,,,,,600,var,32000,32000,0.5,0.25,3,
N:N:00004,N,target,/Users/hanibote/Desktop/Modeling/数据集/目标域数据集/N.mat,N,,,,,,,600,var,32000,32000,0.5,0.25,4,
N:N:00005,N,target,/Users/hanibote/Desktop/Modeling/数据集/目标域数据集/N.mat,N,,,,,,,600,var,32000,32000,0.5,0.25,5,
N:N:00006,N,target,/Users/hanibote/Desktop/Modeling/数据集/目标域数据集/N.mat,N,,,,,,,600,var,32000,32000,0.5,0.25,6,
N:N:00007,N,target,/Users/hanibote/Desktop/Modeling/数据集/目标域数据集/N.mat,N,,,,,,,600,var,32000,32000,0.5,0.25,7,
N:N:00008,N,target,/Users/hanibote/Desktop/Modeling/数据集/目标域数据集/N.mat,N,,,,,,,600,var,32000,32000,0.5,0.25,8,
N:N:00009,N,target,/Users/hanibote/Desktop/Modeling/数据集/目标域数据集/N.mat,N,,,,,,,600,var,32000,32000,0.5,0.25,9,
N:N:00010,N,target,/Users/hanibote/Desktop/Modeling/数据集/目标域数据集/N.mat,N,,,,,,,600,var,32000,32000,0.5,0.25,10,
N:N:00011,N,target,/Users/hanibote/Desktop/Modeling/数据集/目标域数据集/N.mat,N,,,,,,,600,var,32000,32000,0.5,0.25,11,
N:N:00012,N,target,/Users/hanibote/Desktop/Modeling/数据集/目标域数据集/N.mat,N,,,,,,,600,var,32000,32000,0.5,0.25,12,
N:N:00013,N,target,/Users/hanibote/Desktop/Modeling/数据集/目标域数据集/N.mat,N,,,,,,,600,var,32000,32000,0.5,0.25,13,
N:N:00014,N,target,/Users/hanibote/Desktop/Modeling/数据集/目标域数据集/N.mat,N,,,,,,,600,var,32000,32000,0.5,0.25,14,
N:N:00015,N,target,/Users/hanibote/Desktop/Modeling/数据集/目标域数据集/N.mat,N,,,,,,,600,var,32000,32000,0.5,0.25,15,
N:N:00016,N,target,/Users/hanibote/Desktop/Modeling/数据集/目标域数据集/N.mat,N,,,,,,,600,var,32000,32000,0.5,0.25,16,
N:N:00017,N,target,/Users/hanibote/Desktop/Modeling/数据集/目标域数据集/N.mat,N,,,,,,,600,var,32000,32000,0.5,0.25,17,
N:N:00018,N,target,/Users/hanibote/Desktop/Modeling/数据集/目标域数据集/N.mat,N,,,,,,,600,var,32000,32000,0.5,0.25,18,
N:N:00019,N,target,/Users/hanibote/Desktop/Modeling/数据集/目标域数据集/N.mat,N,,,,,,,600,var,32000,32000,0.5,0.25,19,
N:N:00020,N,target,/Users/hanibote/Desktop/Modeling/数据集/目标域数据集/N.mat,N,,,,,,,600,var,32000,32000,0.5,0.25,20,
N:N:00021,N,target,/Users/hanibote/Desktop/Modeling/数据集/目标域数据集/N.mat,N,,,,,,,600,var,32000,32000,0.5,0.25,21,
N:N:00022,N,target,/Users/hanibote/Desktop/Modeling/数据集/目标域数据集/N.mat,N,,,,,,,600,var,32000,32000,0.5,0.25,22,
N:N:00023,N,target,/Users/hanibote/Desktop/Modeling/数据集/目标域数据集/N.mat,N,,,,,,,600,var,32000,32000,0.5,0.25,23,
N:N:00024,N,target,/Users/hanibote/Desktop/Modeling/数据集/目标域数据集/N.mat,N,,,,,,,600,var,32000,32000,0.5,0.25,24,
N:N:00025,N,target,/Users/hanibote/Desktop/Modeling/数据集/目标域数据集/N.mat,N,,,,,,,600,var,32000,32000,0.5,0.25,25,
N:N:00026,N,target,/Users/hanibote/Desktop/Modeling/数据集/目标域数据集/N.mat,N,,,,,,,600,var,32000,32000,0.5,0.25,26,
N:N:00027,N,target,/Users/hanibote/Desktop/Modeling/数据集/目标域数据集/N.mat,N,,,,,,,600,var,32000,32000,0.5,0.25,27,
N:N:00028,N,target,/Users/hanibote/Desktop/Modeling/数据集/目标域数据集/N.mat,N,,,,,,,600,var,32000,32000,0.5,0.25,28,
N:N:00029,N,target,/Users/hanibote/Desktop/Modeling/数据集/目标域数据集/N.mat,N,,,,,,,600,var,32000,32000,0.5,0.25,29,
N:N:00030,N,target,/Users/hanibote/Desktop/Modeling/数据集/目标域数据集/N.mat,N,,,,,,,600,var,32000,32000,0.5,0.25,30,
O:O:00000,O,target,/Users/hanibote/Desktop/Modeling/数据集/目标域数据集/O.mat,O,,,,,,,600,var,32000,32000,0.5,0.25,0,
O:O:00001,O,target,/Users/hanibote/Desktop/Modeling/数据集/目标域数据集/O.mat,O,,,,,,,600,var,32000,32000,0.5,0.25,1,
O:O:00002,O,target,/Users/hanibote/Desktop/Modeling/数据集/目标域数据集/O.mat,O,,,,,,,600,var,32000,32000,0.5,0.25,2,
O:O:00003,O,target,/Users/hanibote/Desktop/Modeling/数据集/目标域数据集/O.mat,O,,,,,,,600,var,32000,32000,0.5,0.25,3,
O:O:00004,O,target,/Users/hanibote/Desktop/Modeling/数据集/目标域数据集/O.mat,O,,,,,,,600,var,32000,32000,0.5,0.25,4,
O:O:00005,O,target,/Users/hanibote/Desktop/Modeling/数据集/目标域数据集/O.mat,O,,,,,,,600,var,32000,32000,0.5,0.25,5,
O:O:00006,O,target,/Users/hanibote/Desktop/Modeling/数据集/目标域数据集/O.mat,O,,,,,,,600,var,32000,32000,0.5,0.25,6,
O:O:00007,O,target,/Users/hanibote/Desktop/Modeling/数据集/目标域数据集/O.mat,O,,,,,,,600,var,32000,32000,0.5,0.25,7,
O:O:00008,O,target,/Users/hanibote/Desktop/Modeling/数据集/目标域数据集/O.mat,O,,,,,,,600,var,32000,32000,0.5,0.25,8,
O:O:00009,O,target,/Users/hanibote/Desktop/Modeling/数据集/目标域数据集/O.mat,O,,,,,,,600,var,32000,32000,0.5,0.25,9,
O:O:00010,O,target,/Users/hanibote/Desktop/Modeling/数据集/目标域数据集/O.mat,O,,,,,,,600,var,32000,32000,0.5,0.25,10,
O:O:00011,O,target,/Users/hanibote/Desktop/Modeling/数据集/目标域数据集/O.mat,O,,,,,,,600,var,32000,32000,0.5,0.25,11,
O:O:00012,O,target,/Users/hanibote/Desktop/Modeling/数据集/目标域数据集/O.mat,O,,,,,,,600,var,32000,32000,0.5,0.25,12,
O:O:00013,O,target,/Users/hanibote/Desktop/Modeling/数据集/目标域数据集/O.mat,O,,,,,,,600,var,32000,32000,0.5,0.25,13,
O:O:00014,O,target,/Users/hanibote/Desktop/Modeling/数据集/目标域数据集/O.mat,O,,,,,,,600,var,32000,32000,0.5,0.25,14,
O:O:00015,O,target,/Users/hanibote/Desktop/Modeling/数据集/目标域数据集/O.mat,O,,,,,,,600,var,32000,32000,0.5,0.25,15,
O:O:00016,O,target,/Users/hanibote/Desktop/Modeling/数据集/目标域数据集/O.mat,O,,,,,,,600,var,32000,32000,0.5,0.25,16,
O:O:00017,O,target,/Users/hanibote/Desktop/Modeling/数据集/目标域数据集/O.mat,O,,,,,,,600,var,32000,32000,0.5,0.25,17,
O:O:00018,O,target,/Users/hanibote/Desktop/Modeling/数据集/目标域数据集/O.mat,O,,,,,,,600,var,32000,32000,0.5,0.25,18,
O:O:00019,O,target,/Users/hanibote/Desktop/Modeling/数据集/目标域数据集/O.mat,O,,,,,,,600,var,32000,32000,0.5,0.25,19,
O:O:00020,O,target,/Users/hanibote/Desktop/Modeling/数据集/目标域数据集/O.mat,O,,,,,,,600,var,32000,32000,0.5,0.25,20,
O:O:00021,O,target,/Users/hanibote/Desktop/Modeling/数据集/目标域数据集/O.mat,O,,,,,,,600,var,32000,32000,0.5,0.25,21,
O:O:00022,O,target,/Users/hanibote/Desktop/Modeling/数据集/目标域数据集/O.mat,O,,,,,,,600,var,32000,32000,0.5,0.25,22,
O:O:00023,O,target,/Users/hanibote/Desktop/Modeling/数据集/目标域数据集/O.mat,O,,,,,,,600,var,32000,32000,0.5,0.25,23,
O:O:00024,O,target,/Users/hanibote/Desktop/Modeling/数据集/目标域数据集/O.mat,O,,,,,,,600,var,32000,32000,0.5,0.25,24,
O:O:00025,O,target,/Users/hanibote/Desktop/Modeling/数据集/目标域数据集/O.mat,O,,,,,,,600,var,32000,32000,0.5,0.25,25,
O:O:00026,O,target,/Users/hanibote/Desktop/Modeling/数据集/目标域数据集/O.mat,O,,,,,,,600,var,32000,32000,0.5,0.25,26,
O:O:00027,O,target,/Users/hanibote/Desktop/Modeling/数据集/目标域数据集/O.mat,O,,,,,,,600,var,32000,32000,0.5,0.25,27,
O:O:00028,O,target,/Users/hanibote/Desktop/Modeling/数据集/目标域数据集/O.mat,O,,,,,,,600,var,32000,32000,0.5,0.25,28,
O:O:00029,O,target,/Users/hanibote/Desktop/Modeling/数据集/目标域数据集/O.mat,O,,,,,,,600,var,32000,32000,0.5,0.25,29,
O:O:00030,O,target,/Users/hanibote/Desktop/Modeling/数据集/目标域数据集/O.mat,O,,,,,,,600,var,32000,32000,0.5,0.25,30,
P:P:00000,P,target,/Users/hanibote/Desktop/Modeling/数据集/目标域数据集/P.mat,P,,,,,,,600,var,32000,32000,0.5,0.25,0,
P:P:00001,P,target,/Users/hanibote/Desktop/Modeling/数据集/目标域数据集/P.mat,P,,,,,,,600,var,32000,32000,0.5,0.25,1,
P:P:00002,P,target,/Users/hanibote/Desktop/Modeling/数据集/目标域数据集/P.mat,P,,,,,,,600,var,32000,32000,0.5,0.25,2,
P:P:00003,P,target,/Users/hanibote/Desktop/Modeling/数据集/目标域数据集/P.mat,P,,,,,,,600,var,32000,32000,0.5,0.25,3,
P:P:00004,P,target,/Users/hanibote/Desktop/Modeling/数据集/目标域数据集/P.mat,P,,,,,,,600,var,32000,32000,0.5,0.25,4,
P:P:00005,P,target,/Users/hanibote/Desktop/Modeling/数据集/目标域数据集/P.mat,P,,,,,,,600,var,32000,32000,0.5,0.25,5,
P:P:00006,P,target,/Users/hanibote/Desktop/Modeling/数据集/目标域数据集/P.mat,P,,,,,,,600,var,32000,32000,0.5,0.25,6,
P:P:00007,P,target,/Users/hanibote/Desktop/Modeling/数据集/目标域数据集/P.mat,P,,,,,,,600,var,32000,32000,0.5,0.25,7,
P:P:00008,P,target,/Users/hanibote/Desktop/Modeling/数据集/目标域数据集/P.mat,P,,,,,,,600,var,32000,32000,0.5,0.25,8,
P:P:00009,P,target,/Users/hanibote/Desktop/Modeling/数据集/目标域数据集/P.mat,P,,,,,,,600,var,32000,32000,0.5,0.25,9,
P:P:00010,P,target,/Users/hanibote/Desktop/Modeling/数据集/目标域数据集/P.mat,P,,,,,,,600,var,32000,32000,0.5,0.25,10,
P:P:00011,P,target,/Users/hanibote/Desktop/Modeling/数据集/目标域数据集/P.mat,P,,,,,,,600,var,32000,32000,0.5,0.25,11,
P:P:00012,P,target,/Users/hanibote/Desktop/Modeling/数据集/目标域数据集/P.mat,P,,,,,,,600,var,32000,32000,0.5,0.25,12,
P:P:00013,P,target,/Users/hanibote/Desktop/Modeling/数据集/目标域数据集/P.mat,P,,,,,,,600,var,32000,32000,0.5,0.25,13,
P:P:00014,P,target,/Users/hanibote/Desktop/Modeling/数据集/目标域数据集/P.mat,P,,,,,,,600,var,32000,32000,0.5,0.25,14,
P:P:00015,P,target,/Users/hanibote/Desktop/Modeling/数据集/目标域数据集/P.mat,P,,,,,,,600,var,32000,32000,0.5,0.25,15,
P:P:00016,P,target,/Users/hanibote/Desktop/Modeling/数据集/目标域数据集/P.mat,P,,,,,,,600,var,32000,32000,0.5,0.25,16,
P:P:00017,P,target,/Users/hanibote/Desktop/Modeling/数据集/目标域数据集/P.mat,P,,,,,,,600,var,32000,32000,0.5,0.25,17,
P:P:00018,P,target,/Users/hanibote/Desktop/Modeling/数据集/目标域数据集/P.mat,P,,,,,,,600,var,32000,32000,0.5,0.25,18,
P:P:00019,P,target,/Users/hanibote/Desktop/Modeling/数据集/目标域数据集/P.mat,P,,,,,,,600,var,32000,32000,0.5,0.25,19,
P:P:00020,P,target,/Users/hanibote/Desktop/Modeling/数据集/目标域数据集/P.mat,P,,,,,,,600,var,32000,32000,0.5,0.25,20,
P:P:00021,P,target,/Users/hanibote/Desktop/Modeling/数据集/目标域数据集/P.mat,P,,,,,,,600,var,32000,32000,0.5,0.25,21,
P:P:00022,P,target,/Users/hanibote/Desktop/Modeling/数据集/目标域数据集/P.mat,P,,,,,,,600,var,32000,32000,0.5,0.25,22,
P:P:00023,P,target,/Users/hanibote/Desktop/Modeling/数据集/目标域数据集/P.mat,P,,,,,,,600,var,32000,32000,0.5,0.25,23,
P:P:00024,P,target,/Users/hanibote/Desktop/Modeling/数据集/目标域数据集/P.mat,P,,,,,,,600,var,32000,32000,0.5,0.25,24,
P:P:00025,P,target,/Users/hanibote/Desktop/Modeling/数据集/目标域数据集/P.mat,P,,,,,,,600,var,32000,32000,0.5,0.25,25,
P:P:00026,P,target,/Users/hanibote/Desktop/Modeling/数据集/目标域数据集/P.mat,P,,,,,,,600,var,32000,32000,0.5,0.25,26,
P:P:00027,P,target,/Users/hanibote/Desktop/Modeling/数据集/目标域数据集/P.mat,P,,,,,,,600,var,32000,32000,0.5,0.25,27,
P:P:00028,P,target,/Users/hanibote/Desktop/Modeling/数据集/目标域数据集/P.mat,P,,,,,,,600,var,32000,32000,0.5,0.25,28,
P:P:00029,P,target,/Users/hanibote/Desktop/Modeling/数据集/目标域数据集/P.mat,P,,,,,,,600,var,32000,32000,0.5,0.25,29,
P:P:00030,P,target,/Users/hanibote/Desktop/Modeling/数据集/目标域数据集/P.mat,P,,,,,,,600,var,32000,32000,0.5,0.25,30,
